<?xml version="1.0" encoding="UTF-8"?>
<services xmlns:xsi="http://www.w3.org/2001/XMLSchema-instance" xsi:noNamespaceSchemaLocation="http://moqui.org/xsd/service-definition-3.xsd">

    <!-- Service to find all female persons -->
    <service verb="get" noun="FemalePersons" type="inline">
        <description>Find all Person records for all females</description>
        <in-parameters>
            <!-- No input parameters needed for this service -->
        </in-parameters>
        <out-parameters>
            <parameter name="personsList" type="EntityList"/>
        </out-parameters>
        <actions>
            <entity-find entity-name="Person" list="personsList">
                <econdition field-name="gender" value="Female"/>
            </entity-find>
        </actions>
    </service>

    <!-- Service to list persons by marital status -->
    <service verb="get" noun="Persons" type="inline">
        <description>List the Person details with specified marital status</description>
        <in-parameters>
            <parameter name="maritalStatus" required="true"/>
        </in-parameters>
        <out-parameters>
            <parameter name="personsList" type="EntityList"/>
        </out-parameters>
        <actions>
            <entity-find entity-name="Person" list="personsList">
                <econdition field-name="maritalStatus" from="maritalStatus"/>
            </entity-find>
        </actions>
    </service>

    <!-- Service to find the latest orders -->
    <service verb="get" noun="LatestOrders" type="inline">
        <description>Find all Order Header records so that the latest placed order appears at the top</description>
        <in-parameters>
            <!-- No input parameters needed for this service -->
        </in-parameters>
        <out-parameters>
            <parameter name="ordersList" type="EntityList"/>
        </out-parameters>
        <actions>
            <entity-find entity-name="OrderHeader" list="ordersList">
                <order-by field-name="-orderDate"/> <!-- Assuming orderDate is the field to sort by -->
            </entity-find>
        </actions>
    </service>

    <!-- Service to find order details by orderId -->
    <service verb="get" noun="Order" type="inline">
        <description>Find the Order Header details for a given orderId</description>
        <in-parameters>
            <parameter name="orderId" required="true"/>
        </in-parameters>
        <out-parameters>
            <parameter name="orderDetails" type="Entity"/>
        </out-parameters>
        <actions>
            <entity-find-one entity-name="OrderHeader" value-field="orderDetails">
                <econdition field-name="orderId" from="orderId"/>
            </entity-find-one>
        </actions>
    </service>

    <!-- Service to find order headers with grandTotal greater than 50 -->
    <service verb="get" noun="OrderHeaders" type="inline">
        <description>Find all Order Header records with grandTotal greater than 50</description>
        <in-parameters>
            <!-- No input parameters needed for this service -->
        </in-parameters>
        <out-parameters>
            <parameter name="orderHeaderDetails" type="EntityList"/>
        </out-parameters>
        <actions>
            <entity-find entity-name="OrderHeader" list="orderHeaderDetails">
                <econdition field-name="grandTotal" from="50" operator="gt"/>
            </entity-find>
        </actions>
    </service>

    <!-- Service to list order items by orderId and orderPartSeqId -->
    <service verb="get" noun="OrderItems" type="inline">
        <description>List all Order Item details for the order with orderId and orderPartSeqId</description>
        <in-parameters>
            <parameter name="orderId" required="true"/>
            <parameter name="orderPartSeqId" required="true"/>
        </in-parameters>
        <out-parameters>
            <parameter name="orderItemDetails" type="EntityList"/>
        </out-parameters>
        <actions>
            <entity-find entity-name="OrderItem" list="orderItemDetails">
                <econdition field-name="orderId" from="orderId"/>
                <econdition field-name="orderPartSeqId" from="orderPartSeqId"/>
            </entity-find>
        </actions>
    </service>

    <!-- Service to find order parts with partTotal less than or equal to 20 -->
    <service verb="get" noun="OrderParts" type="inline">
        <description>Find all Order Parts with partTotal less than or equal to 20</description>
        <in-parameters>
            <!-- No input parameters needed for this service -->
        </in-parameters>
        <out-parameters>
            <parameter name="orderPartDetails" type="EntityList"/>
        </out-parameters>
        <actions>
            <entity-find entity-name="OrderPart" list="orderPartDetails">
                <econdition field-name="partTotal" from="20" operator="le"/>
            </entity-find>
        </actions>
    </service>

    <!-- Service to find order parts assigned to a specific facility with specified fields -->
    <service verb="get" noun="OrderPartData" type="entity-auto">
        <description>Find all Order Part records assigned to the facility with ZIRET_WH value</description>
        <in-parameters>
            <!-- No input parameters needed for this service -->
        </in-parameters>
        <out-parameters>
            <parameter name="orderPartDetails" type="EntityList"/>
        </out-parameters>
        <actions>
            <entity-find entity-name="OrderPart" list="orderPartDetails">
                <econdition field-name="facilityId" value="ZIRET_WH"/>
                <fields>
                    <field name="orderId"/>
                    <field name="orderPartSeqId"/>
                    <field name="facilityId"/>
                    <field name="partName"/>
                    <field name="customerPartyId"/>
                </fields>
            </entity-find>
        </actions>
    </service>

    <!-- Service to find the count of order parts for a specific customer Party Id -->
    <service verb="get" noun="OrderPartsCount" type="entity-auto">
        <description>Find the count of order parts for the customer Party Id</description>
        <in-parameters>
            <parameter name="customerPartyId" required="true"/>
        </in-parameters>
        <out-parameters>
            <parameter name="orderPartsCount" type="Integer"/>
        </out-parameters>
        <actions>
            <entity-count entity-name="OrderPart" field="orderPartsCount">
                <econdition field-name="customerPartyId" from="customerPartyId"/>
            </entity-count>
        </actions>
    </service>

    <!-- Service to find unique order parts with specified shipment method and facility -->
    <service verb="get" noun="OrderPartsInfo" type="entity-auto">
        <description>Find all unique Order Parts with shipmentMethodEnumId value as ShtMthGround and facilityId as ZIRET_WH</description>
        <in-parameters>
            <!-- No input parameters needed for this service -->
        </in-parameters>
        <out-parameters>
            <parameter name="orderPartsList" type="EntityList"/>
        </out-parameters>
        <actions>
            <entity-find entity-name="OrderPart" list="orderPartsList">
                <econdition field-name="shipmentMethodEnumId" value="ShtMthGround"/>
                <econdition field-name="facilityId" value="ZIRET_WH"/>
                <distinct/>
            </entity-find>
        </actions>
    </service>

</services>
