<?xml version="1.0" encoding="UTF-8"?>
<entities xmlns:xsi="http://www.w3.org/2001/XMLSchema-instance" xsi:noNamespaceSchemaLocation="http://moqui.org/xsd/entity-definition-2.1.xsd">

    <!-- Person Entity Definitions -->
        <!-- Define the Person entity -->
        <entity entity-name="Person" package="moqui">
            <fields>
                <field name="personId" type="id" required="true"/>
                <field name="firstName" type="text-long" required="true"/>
                <field name="lastName" type="text-long" required="true"/>
                <field name="gender" type="text-long" required="true"/>
                <field name="maritalStatus" type="text-medium" required="true"/>
            </fields>
            <primary-key field="personId"/>
        </entity>

        <!-- Define the OrderHeader entity -->
        <entity entity-name="OrderHeader" package="moqui">
            <fields>
                <field name="orderId" type="id"/>
                <field name="orderDate" type="date-time"/>
                <field name="grandTotal" type="number-decimal"/>
                <field name="customerPartyId" type="text-long"/>
            </fields>
            <primary-key field="orderId"/>
        </entity>

        <!-- Define the OrderItem entity -->
        <entity entity-name="OrderItem" package="moqui">
            <fields>
          z      <field name="orderId" type="id"/>
                <field name="orderPartSeqId" type="text-short"/>
                <field name="productId" type="id"/>
                <field name="quantity" type="number-integer"/>
                <field name="unitPrice" type="number-decimal"/>
            </fields>
            <primary-key field="orderId"/>
            <primary-key field="orderPartSeqId"/>
        </entity>

        <!-- Define the OrderPart entity -->
        <entity entity-name="OrderPart" package="moqui">
            <fields>
                <field name="orderId" type="id"/>
                <field name="orderPartSeqId" type="text-short"/>
                <field name="partName" type="text-short"/>
                <field name="facilityId" type="text-short"/>
                <field name="customerPartyId" type="text-short"/>
                <field name="partTotal" type="number-decimal"/>
                <field name="shipmentMethodEnumId" type="text-short"/>
            </fields>
            <primary-key field="orderId"/>
            <primary-key field="orderPartSeqId"/>
        </entity>
</entities>
