<?xml version="1.0" encoding="UTF-8"?>
<resource xmlns:xsi="http://www.w3.org/2001/XMLSchema-instance" xsi:noNamespaceSchemaLocation="http://moqui.org/xsd/rest-api-3.xsd"
          name="Example" displayName="Example REST API" version="2.0.0">

    <resource name="Example" require-authentication="anonymous-view">
        <method type="get"><entity name="Example" operation="list"/></method>
        <method type="post"><service name="example.ExampleService.create#example"/></method>

        <id name="ExampleId">
            <method type="get"><entity name="Example" operation="one"/></method>
            <method type="put"><service name="example.ExampleService.update#example"/></method>
            <method type="patch"><service name="example.ExampleService.update#example"/></method>
        </id>

    </resource>

</resource>

