<?xml version="1.0" encoding="UTF-8"?>
<!--
This software is in the public domain under CC0 1.0 Universal plus a 
Grant of Patent License.

To the extent possible under law, the author(s) have dedicated all
copyright and related and neighboring rights to this software to the
public domain worldwide. This software is distributed without any
warranty.

You should have received a copy of the CC0 Public Domain Dedication
along with this software (see the LICENSE.md file). If not, see
<http://creativecommons.org/publicdomain/zero/1.0/>.
-->
<entity-facade-xml type="install">

    <moqui.basic.LocalizedMessage locale="default" original="OrderInventoryNotAvailable"
            localized="${product?.productName ?: productId} is out of stock"/>
    <moqui.basic.LocalizedMessage locale="default" original="OrderInventoryInsufficient"
            localized="Only ${ec.l10n.format(availableToPromiseTotal, '#,##0')} of ${product?.productName ?: productId} are available"/>

    <!-- Order Approve warning and other messages - used in OrderInfoServices.check#OrderPreApprove -->
    <moqui.basic.LocalizedMessage locale="default" original="OrderApproveCurrencyDifferent"
            localized="Payment currency ${payment.amountUomId} is different from order currency ${orderHeader.currencyUomId}"/>
    <moqui.basic.LocalizedMessage locale="default" original="OrderApprovePaymentPromisedLow"
            localized="Total promised or later payment total ${ec.l10n.formatCurrency(totalPromised, orderHeader.currencyUomId)} is less than order total ${ec.l10n.formatCurrency(orderHeader.grandTotal, orderHeader.currencyUomId)}"/>
    <moqui.basic.LocalizedMessage locale="default" original="OrderApprovePaymentAuthorizedLow"
            localized="Total authorized or later payment total ${ec.l10n.formatCurrency(totalAuthorized, orderHeader.currencyUomId)} is less than order total ${ec.l10n.formatCurrency(orderHeader.grandTotal, orderHeader.currencyUomId)}"/>
    <!-- TODO more to do between these in service -->
    <moqui.basic.LocalizedMessage locale="default" original="OrderApproveStoreManualApprove"
            localized="==> Store configured to require manual approval"/>
    <moqui.basic.LocalizedMessage locale="default" original="OrderApprovePartNoVendor"
            localized="Part ${orderPart.orderPartSeqId} has no vendor"/>
    <moqui.basic.LocalizedMessage locale="default" original="OrderApprovePartNoCustomer"
            localized="Part ${orderPart.orderPartSeqId} has no customer"/>
    <moqui.basic.LocalizedMessage locale="default" original="OrderApproveNewCustomer"
            localized="Customer ${firstOrderPart.customerPartyId} is a new customer"/>
    <moqui.basic.LocalizedMessage locale="default" original="OrderApproveNearOrder"
            localized="Found similar order ${nearOrder.orderId}:${nearOrder.orderPartSeqId} placed ${ec.l10n.format(nearOrder.placedDate, null)} (${ec.l10n.format(diffHours, '0.0')}h ${isFuture ? 'after' : 'before'}) with ${ec.l10n.format(nearItem.quantity, '0.##')} of product ${nearItem.productId}"/>
    <moqui.basic.LocalizedMessage locale="default" original="OrderApproveShippingAddressTrust"
            localized="Part ${orderPart.orderPartSeqId} shipping address ${postalCm.address1}, ${postalCm.postalCode ?: '-'} has trust level of ${trustLevelEnum.description}"/>
    <moqui.basic.LocalizedMessage locale="default" original="OrderDetailPartPaymentIncomplete"
            localized="Payments total (${ec.l10n.formatCurrency(orderPartInfo.paymentsTotal ?: 0.0, orderHeader?.currencyUomId)}) is less than order part total (${ec.l10n.formatCurrency(orderPartInfo.orderPart.partTotal ?: 0.0, orderHeader?.currencyUomId)})"/>
    <moqui.basic.LocalizedMessage locale="default" original="OrderPlacePartPaymentIncomplete"
            localized="Part ${orderPart.orderPartSeqId} payments total (${ec.l10n.formatCurrency(paymentsTotal ?: 0.0, (String) orderHeader?.currencyUomId)}) is less than order part total (${ec.l10n.formatCurrency(orderPart.partTotal ?: 0.0, (String) orderHeader?.currencyUomId)})"/>
    <moqui.basic.LocalizedMessage locale="default" original="OrderPlacePartNoVendor"
            localized="Part ${orderPart.orderPartSeqId} has no vendor"/>
    <moqui.basic.LocalizedMessage locale="default" original="OrderPlacePartNoCustomer"
            localized="Part ${orderPart.orderPartSeqId} has no customer"/>
    <moqui.basic.LocalizedMessage locale="default" original="OrderPlacePartNoShippingAddress"
            localized="Part ${orderPart.orderPartSeqId} has no shipping address selected"/>
    <moqui.basic.LocalizedMessage locale="default" original="OrderPlacePartNoShippingMethod"
            localized="Part ${orderPart.orderPartSeqId} has no shipment method selected"/>
    <moqui.basic.LocalizedMessage locale="default" original="OrderPlaceNoItems" localized="Order has no items"/>
    <moqui.basic.LocalizedMessage locale="default" original="OrderDetailConfirmCloseOrder"
            localized="Really close order? If no items shipped the order will be Cancelled. If partially shipped all items will be reduced to shipped quantity and the order will be Completed."/>
    <moqui.basic.LocalizedMessage locale="default" original="OrderDetailItemBilled"
            localized="Billed:${returnableOut.isProductItemType ? ec.l10n.format(returnableOut.invoiceQuantity, '#,##0.###') : ec.l10n.format(returnableOut.invoiceTotal, '#,##0.00')}"/>
    <moqui.basic.LocalizedMessage locale="default" original="OrderDetailItemReturned"
            localized="Returned:${returnableOut.isProductItemType ? ec.l10n.format(returnableOut.returnedQuantity, '#,##0.###') : ec.l10n.format(returnableOut.returnedTotal, '#,##0.00')}"/>
    <moqui.basic.LocalizedMessage locale="default" original="OrderDetailItemReturnable"
            localized="Returnable:${returnableOut.isProductItemType ? ec.l10n.format(returnableOut.returnableQuantity, '#,##0.###') : ec.l10n.format(returnableOut.returnableTotal, '#,##0.00')}"/>
    <moqui.basic.LocalizedMessage locale="default" original="OrderDetailConfirmClosePart"
            localized="Really close order part? If no items shipped the part will be Cancelled. If partially shipped all items will be reduced to shipped quantity and the part will be Completed."/>

    <moqui.basic.LocalizedMessage locale="default" original="PayrollPayeeInvoiceItemDescription" localized="${payeeAdjustment.description} for ${partyDetail.firstName?:''} ${partyDetail.lastName?:''}${partyDetail.organizationName?:''} SSN ${partySsn?.idValue ?: 'N/A'} Ref ${payeeAdjustment.payeeReference ?: 'N/A'}"/>

</entity-facade-xml>
