<?xml version="1.0" encoding="UTF-8"?>
<!--
This software is in the public domain under CC0 1.0 Universal plus a 
Grant of Patent License.

To the extent possible under law, the author(s) have dedicated all
copyright and related and neighboring rights to this software to the
public domain worldwide. This software is distributed without any
warranty.

You should have received a copy of the CC0 Public Domain Dedication
along with this software (see the LICENSE.md file). If not, see
<http://creativecommons.org/publicdomain/zero/1.0/>.
-->
<entity-facade-xml type="install">
    <moqui.screen.form.DbForm formId="UsaIrsW2" purposeEnumId="DbfpTaxStatement"
            description="USA IRS Form W-2" printTemplateLocation="" printFontSize="9pt"
            printFontFamily="Courier, monospace" printContainerHeight="5.5in" printRepeatCount="3">
        <!-- see the mantle.humanres.PayrollDocumentServices.get#UsaIrsW2FormData service for data prep -->
        <!-- print coordinates are for the 8.5"x5.5" form -->

        <moqui.screen.form.DbFormField fieldName="w2_a" title="a Employee's social security number"
                layoutSequenceNum="1" fieldTypeEnumId="DBFFT_text-line" printTop="0.5in" printLeft="2.25in" printWidth="1.5in" printHeight="">
            <moqui.screen.form.DbFormFieldAttribute attributeName="size" value="12"/></moqui.screen.form.DbFormField>
        <moqui.screen.form.DbFormField fieldName="w2_b" title="b Employer identification number (EIN)"
                layoutSequenceNum="2" fieldTypeEnumId="DBFFT_text-line" printTop="0.8125in" printLeft="0.5625in" printWidth="" printHeight="">
            <moqui.screen.form.DbFormFieldAttribute attributeName="size" value="12"/></moqui.screen.form.DbFormField>
        <moqui.screen.form.DbFormField fieldName="w2_c" title="c Employer's name, address, and ZIP code"
                layoutSequenceNum="3" fieldTypeEnumId="DBFFT_text-area" printTop="1.25in" printLeft="0.5625in" printWidth="" printHeight="">
            <moqui.screen.form.DbFormFieldAttribute attributeName="cols" value="60"/>
            <moqui.screen.form.DbFormFieldAttribute attributeName="rows" value="5"/>
        </moqui.screen.form.DbFormField>
        <moqui.screen.form.DbFormField fieldName="w2_d" title="d Control number"
                layoutSequenceNum="4" fieldTypeEnumId="DBFFT_text-line" printTop="2.125in" printLeft="0.5625in" printWidth="" printHeight=""/>
        <moqui.screen.form.DbFormField fieldName="w2_e1" title="e1 Employee's first name and initial"
                layoutSequenceNum="5" fieldTypeEnumId="DBFFT_text-line" printTop="2.5in" printLeft="0.5625in" printWidth="" printHeight=""/>
        <moqui.screen.form.DbFormField fieldName="w2_e2" title="e2 Employee's last name"
                layoutSequenceNum="6" fieldTypeEnumId="DBFFT_text-line" printTop="2.5in" printLeft="2.3in" printWidth="" printHeight=""/>
        <moqui.screen.form.DbFormField fieldName="w2_e3" title="e3 Employee's suffix"
                layoutSequenceNum="7" fieldTypeEnumId="DBFFT_text-line" printTop="2.5in" printLeft="4.125in" printWidth="" printHeight="">
            <moqui.screen.form.DbFormFieldAttribute attributeName="size" value="10"/></moqui.screen.form.DbFormField>
        <moqui.screen.form.DbFormField fieldName="w2_f" title="f Employee's address and ZIP code"
                layoutSequenceNum="8" fieldTypeEnumId="DBFFT_text-area" printTop="2.75in" printLeft="0.5625in" printWidth="" printHeight="">
            <moqui.screen.form.DbFormFieldAttribute attributeName="cols" value="60"/>
            <moqui.screen.form.DbFormFieldAttribute attributeName="rows" value="4"/>
        </moqui.screen.form.DbFormField>

        <moqui.screen.form.DbFormField fieldName="w2_01" title="1 Wages, tips, other compensation"
                layoutSequenceNum="21" fieldTypeEnumId="DBFFT_text-line" printTop="0.8125in" printLeft="4.625in" printWidth="" printHeight="">
            <moqui.screen.form.DbFormFieldAttribute attributeName="size" value="10"/></moqui.screen.form.DbFormField>
        <moqui.screen.form.DbFormField fieldName="w2_02" title="2 Federal income tax withheld"
                layoutSequenceNum="22" fieldTypeEnumId="DBFFT_text-line" printTop="0.8125in" printLeft="6.3125in">
            <moqui.screen.form.DbFormFieldAttribute attributeName="size" value="10"/></moqui.screen.form.DbFormField>
        <moqui.screen.form.DbFormField fieldName="w2_03" title="3 Social security wages"
                layoutSequenceNum="23" fieldTypeEnumId="DBFFT_text-line" printTop="1.125in" printLeft="4.625in">
            <moqui.screen.form.DbFormFieldAttribute attributeName="size" value="10"/></moqui.screen.form.DbFormField>
        <moqui.screen.form.DbFormField fieldName="w2_04" title="4 Social security tax withheld"
                layoutSequenceNum="24" fieldTypeEnumId="DBFFT_text-line" printTop="1.125in" printLeft="6.3125in">
            <moqui.screen.form.DbFormFieldAttribute attributeName="size" value="10"/></moqui.screen.form.DbFormField>
        <moqui.screen.form.DbFormField fieldName="w2_05" title="5 Medicare wages and tips"
                layoutSequenceNum="25" fieldTypeEnumId="DBFFT_text-line" printTop="1.47in" printLeft="4.625in">
            <moqui.screen.form.DbFormFieldAttribute attributeName="size" value="10"/></moqui.screen.form.DbFormField>
        <moqui.screen.form.DbFormField fieldName="w2_06" title="6 Medicare tax withheld"
                layoutSequenceNum="26" fieldTypeEnumId="DBFFT_text-line" printTop="1.5in" printLeft="6.3125in">
            <moqui.screen.form.DbFormFieldAttribute attributeName="size" value="10"/></moqui.screen.form.DbFormField>
        <moqui.screen.form.DbFormField fieldName="w2_07" title="7 Social security tips"
                layoutSequenceNum="27" fieldTypeEnumId="DBFFT_text-line" printTop="1.8125in" printLeft="4.625in">
            <moqui.screen.form.DbFormFieldAttribute attributeName="size" value="10"/></moqui.screen.form.DbFormField>
        <moqui.screen.form.DbFormField fieldName="w2_08" title="8 Allocated tips"
                layoutSequenceNum="28" fieldTypeEnumId="DBFFT_text-line" printTop="1.8125in" printLeft="6.3125in">
            <moqui.screen.form.DbFormFieldAttribute attributeName="size" value="10"/></moqui.screen.form.DbFormField>

        <moqui.screen.form.DbFormField fieldName="w2_10" title="10 Dependent care benefits"
                layoutSequenceNum="30" fieldTypeEnumId="DBFFT_text-line" printTop="2.125in" printLeft="6.3125in">
            <moqui.screen.form.DbFormFieldAttribute attributeName="size" value="10"/></moqui.screen.form.DbFormField>
        <moqui.screen.form.DbFormField fieldName="w2_11" title="11 Nonqualified plans"
                layoutSequenceNum="31" fieldTypeEnumId="DBFFT_text-line" printTop="2.4375in" printLeft="4.625in">
            <moqui.screen.form.DbFormFieldAttribute attributeName="size" value="10"/></moqui.screen.form.DbFormField>

        <moqui.screen.form.DbFormField fieldName="w2_12ac" title="12a Code"
                layoutSequenceNum="41" fieldTypeEnumId="DBFFT_text-line" printTop="2.46in" printLeft="6.4in">
            <moqui.screen.form.DbFormFieldAttribute attributeName="size" value="4"/></moqui.screen.form.DbFormField>
        <moqui.screen.form.DbFormField fieldName="w2_12av" title="12a Value"
                layoutSequenceNum="42" fieldTypeEnumId="DBFFT_text-line" printTop="2.46in" printLeft="6.8125in">
            <moqui.screen.form.DbFormFieldAttribute attributeName="size" value="10"/></moqui.screen.form.DbFormField>
        <moqui.screen.form.DbFormField fieldName="w2_12bc" title="12b Code"
                layoutSequenceNum="43" fieldTypeEnumId="DBFFT_text-line" printTop="2.78in" printLeft="6.4in">
            <moqui.screen.form.DbFormFieldAttribute attributeName="size" value="4"/></moqui.screen.form.DbFormField>
        <moqui.screen.form.DbFormField fieldName="w2_12bv" title="12b Value"
                layoutSequenceNum="44" fieldTypeEnumId="DBFFT_text-line" printTop="2.78in" printLeft="6.8125in">
            <moqui.screen.form.DbFormFieldAttribute attributeName="size" value="10"/></moqui.screen.form.DbFormField>
        <moqui.screen.form.DbFormField fieldName="w2_12cc" title="12c Code"
                layoutSequenceNum="45" fieldTypeEnumId="DBFFT_text-line" printTop="3.11in" printLeft="6.4in">
            <moqui.screen.form.DbFormFieldAttribute attributeName="size" value="4"/></moqui.screen.form.DbFormField>
        <moqui.screen.form.DbFormField fieldName="w2_12cv" title="12c Value"
                layoutSequenceNum="46" fieldTypeEnumId="DBFFT_text-line" printTop="3.11in" printLeft="6.8125in">
            <moqui.screen.form.DbFormFieldAttribute attributeName="size" value="10"/></moqui.screen.form.DbFormField>
        <moqui.screen.form.DbFormField fieldName="w2_12dc" title="12d Code"
                layoutSequenceNum="47" fieldTypeEnumId="DBFFT_text-line" printTop="3.45in" printLeft="6.4in">
            <moqui.screen.form.DbFormFieldAttribute attributeName="size" value="4"/></moqui.screen.form.DbFormField>
        <moqui.screen.form.DbFormField fieldName="w2_12dv" title="12d Value"
                layoutSequenceNum="48" fieldTypeEnumId="DBFFT_text-line" printTop="3.45in" printLeft="6.8125in">
            <moqui.screen.form.DbFormFieldAttribute attributeName="size" value="10"/></moqui.screen.form.DbFormField>

        <moqui.screen.form.DbFormField fieldName="w2_13a" title="13a Statutory Employee"
                layoutSequenceNum="51" fieldTypeEnumId="DBFFT_drop-down" printTop="2.825in" printLeft="4.85in">
            <DbFormFieldOption sequenceNum="1" keyValue="X"/><DbFormFieldAttribute attributeName="allow-empty" value="true"/>
        </moqui.screen.form.DbFormField>
        <moqui.screen.form.DbFormField fieldName="w2_13b" title="13b Retirement plan"
                layoutSequenceNum="52" fieldTypeEnumId="DBFFT_drop-down" printTop="2.825in" printLeft="5.34in">
            <DbFormFieldOption sequenceNum="1" keyValue="X"/><DbFormFieldAttribute attributeName="allow-empty" value="true"/>
        </moqui.screen.form.DbFormField>
        <moqui.screen.form.DbFormField fieldName="w2_13c" title="13c Third-party sick pay"
                layoutSequenceNum="53" fieldTypeEnumId="DBFFT_drop-down" printTop="2.825in" printLeft="5.83in">
            <DbFormFieldOption sequenceNum="1" keyValue="X"/><DbFormFieldAttribute attributeName="allow-empty" value="true"/>
        </moqui.screen.form.DbFormField>
        <moqui.screen.form.DbFormField fieldName="w2_14" title="14 Other"
                layoutSequenceNum="55" fieldTypeEnumId="DBFFT_text-area" printTop="3.125in" printLeft="4.625in">
            <moqui.screen.form.DbFormFieldAttribute attributeName="cols" value="20"/>
            <moqui.screen.form.DbFormFieldAttribute attributeName="rows" value="4"/>
        </moqui.screen.form.DbFormField>

        <moqui.screen.form.DbFormField fieldName="w2_15as" title="15a State"
                layoutSequenceNum="61" fieldTypeEnumId="DBFFT_text-line" printTop="3.95in" printLeft="0.57in">
            <moqui.screen.form.DbFormFieldAttribute attributeName="size" value="2"/></moqui.screen.form.DbFormField>
        <moqui.screen.form.DbFormField fieldName="w2_15ae" title="15a Employer's state ID number"
                layoutSequenceNum="62" fieldTypeEnumId="DBFFT_text-line" printTop="3.97in" printLeft="0.95in">
            <moqui.screen.form.DbFormFieldAttribute attributeName="size" value="12"/></moqui.screen.form.DbFormField>
        <moqui.screen.form.DbFormField fieldName="w2_16a" title="16a State wages, tips, etc."
                layoutSequenceNum="63" fieldTypeEnumId="DBFFT_text-line" printTop="3.97in" printLeft="2.75in">
            <moqui.screen.form.DbFormFieldAttribute attributeName="size" value="10"/></moqui.screen.form.DbFormField>
        <moqui.screen.form.DbFormField fieldName="w2_17a" title="17a State income tax"
                layoutSequenceNum="64" fieldTypeEnumId="DBFFT_text-line" printTop="3.97in" printLeft="3.9375in">
            <moqui.screen.form.DbFormFieldAttribute attributeName="size" value="10"/></moqui.screen.form.DbFormField>
        <moqui.screen.form.DbFormField fieldName="w2_18a" title="18a Local wages, tips, etc."
                layoutSequenceNum="65" fieldTypeEnumId="DBFFT_text-line" printTop="3.97in" printLeft="5.05in">
            <moqui.screen.form.DbFormFieldAttribute attributeName="size" value="10"/></moqui.screen.form.DbFormField>
        <moqui.screen.form.DbFormField fieldName="w2_19a" title="19a Local income tax"
                layoutSequenceNum="66" fieldTypeEnumId="DBFFT_text-line" printTop="3.97in" printLeft="6.23in">
            <moqui.screen.form.DbFormFieldAttribute attributeName="size" value="10"/></moqui.screen.form.DbFormField>
        <moqui.screen.form.DbFormField fieldName="w2_20a" title="20a Locality name"
                layoutSequenceNum="67" fieldTypeEnumId="DBFFT_text-line" printTop="3.97in" printLeft="7.3125in">
            <moqui.screen.form.DbFormFieldAttribute attributeName="size" value="10"/></moqui.screen.form.DbFormField>

        <moqui.screen.form.DbFormField fieldName="w2_15bs" title="15b State"
                layoutSequenceNum="71" fieldTypeEnumId="DBFFT_text-line" printTop="4.27in" printLeft="0.57in">
            <moqui.screen.form.DbFormFieldAttribute attributeName="size" value="2"/></moqui.screen.form.DbFormField>
        <moqui.screen.form.DbFormField fieldName="w2_15be" title="15b Employer's state ID number"
                layoutSequenceNum="72" fieldTypeEnumId="DBFFT_text-line" printTop="4.27in" printLeft="0.95in">
            <moqui.screen.form.DbFormFieldAttribute attributeName="size" value="12"/></moqui.screen.form.DbFormField>
        <moqui.screen.form.DbFormField fieldName="w2_16b" title="16b State wages, tips, etc."
                layoutSequenceNum="73" fieldTypeEnumId="DBFFT_text-line" printTop="4.27in" printLeft="2.75in">
            <moqui.screen.form.DbFormFieldAttribute attributeName="size" value="10"/></moqui.screen.form.DbFormField>
        <moqui.screen.form.DbFormField fieldName="w2_17b" title="17b State income tax"
                layoutSequenceNum="74" fieldTypeEnumId="DBFFT_text-line" printTop="4.27in" printLeft="3.9375in">
            <moqui.screen.form.DbFormFieldAttribute attributeName="size" value="10"/></moqui.screen.form.DbFormField>
        <moqui.screen.form.DbFormField fieldName="w2_18b" title="18b Local wages, tips, etc."
                layoutSequenceNum="75" fieldTypeEnumId="DBFFT_text-line" printTop="4.27in" printLeft="5.05in">
            <moqui.screen.form.DbFormFieldAttribute attributeName="size" value="10"/></moqui.screen.form.DbFormField>
        <moqui.screen.form.DbFormField fieldName="w2_19b" title="19b Local income tax"
                layoutSequenceNum="76" fieldTypeEnumId="DBFFT_text-line" printTop="4.27in" printLeft="6.23in">
            <moqui.screen.form.DbFormFieldAttribute attributeName="size" value="10"/></moqui.screen.form.DbFormField>
        <moqui.screen.form.DbFormField fieldName="w2_20b" title="20b Locality name"
                layoutSequenceNum="77" fieldTypeEnumId="DBFFT_text-line" printTop="4.27in" printLeft="7.3125in">
            <moqui.screen.form.DbFormFieldAttribute attributeName="size" value="8"/></moqui.screen.form.DbFormField>
    </moqui.screen.form.DbForm>

    <moqui.screen.form.DbForm formId="UsaIrs1099Misc" purposeEnumId="DbfpTaxStatement"
            description="USA IRS Form 1099-MISC" printTemplateLocation="" printFontSize="9pt"
            printFontFamily="Courier, monospace" printContainerHeight="5.5in" printRepeatCount="3">
        <!-- see the mantle.humanres.PayrollDocumentServices.get#UsaIrs1099MiscFormData service for data prep -->
        <!-- print coordinates are for the 8.5"x5.5" form -->

        <moqui.screen.form.DbFormField fieldName="1099m_a" title="PAYER's name, address, and phone"
                layoutSequenceNum="1" fieldTypeEnumId="DBFFT_text-area" printTop="0.625in" printLeft="0.8125in" printWidth="" printHeight="">
            <moqui.screen.form.DbFormFieldAttribute attributeName="cols" value="60"/>
            <moqui.screen.form.DbFormFieldAttribute attributeName="rows" value="5"/>
        </moqui.screen.form.DbFormField>
        <moqui.screen.form.DbFormField fieldName="1099m_b" title="PAYER's federal identification number"
                layoutSequenceNum="2" fieldTypeEnumId="DBFFT_text-line" printTop="2in" printLeft="0.8125in" printWidth="" printHeight="">
            <moqui.screen.form.DbFormFieldAttribute attributeName="size" value="12"/></moqui.screen.form.DbFormField>
        <moqui.screen.form.DbFormField fieldName="1099m_c" title="RECIPIENT's identification number"
                layoutSequenceNum="3" fieldTypeEnumId="DBFFT_text-line" printTop="2in" printLeft="2.5in" printWidth="" printHeight="">
            <moqui.screen.form.DbFormFieldAttribute attributeName="size" value="12"/></moqui.screen.form.DbFormField>

        <moqui.screen.form.DbFormField fieldName="1099m_d1" title="RECIPIENT's name"
                layoutSequenceNum="5" fieldTypeEnumId="DBFFT_text-line" printTop="2.5625in" printLeft="0.8125in" printWidth="" printHeight=""/>
        <moqui.screen.form.DbFormField fieldName="1099m_d2" title="RECIPIENT's street address"
                layoutSequenceNum="6" fieldTypeEnumId="DBFFT_text-line" printTop="3in" printLeft="0.8125in" printWidth="" printHeight=""/>
        <moqui.screen.form.DbFormField fieldName="1099m_d3" title="RECIPIENT's city, state, zip"
                layoutSequenceNum="7" fieldTypeEnumId="DBFFT_text-line" printTop="3.5in" printLeft="0.8125in" printWidth="" printHeight=""/>

        <moqui.screen.form.DbFormField fieldName="1099m_e" title="Account number"
                layoutSequenceNum="8" fieldTypeEnumId="DBFFT_text-line" printTop="4.0625in" printLeft="0.8125in" printWidth="" printHeight="">
            <moqui.screen.form.DbFormFieldAttribute attributeName="size" value="25"/></moqui.screen.form.DbFormField>
        <moqui.screen.form.DbFormField fieldName="1099m_f" title="FATCA filing requirement"
                layoutSequenceNum="9" fieldTypeEnumId="DBFFT_drop-down" printTop="4.125in" printLeft="3.17in">
            <DbFormFieldOption sequenceNum="1" keyValue="X"/><DbFormFieldAttribute attributeName="allow-empty" value="true"/>
        </moqui.screen.form.DbFormField>


        <moqui.screen.form.DbFormField fieldName="1099m_01" title="1 Rents"
                layoutSequenceNum="21" fieldTypeEnumId="DBFFT_text-line" printTop="0.6875in" printLeft="4.25in" printWidth="" printHeight="">
            <moqui.screen.form.DbFormFieldAttribute attributeName="size" value="10"/></moqui.screen.form.DbFormField>
        <moqui.screen.form.DbFormField fieldName="1099m_02" title="2 Royalties"
                layoutSequenceNum="22" fieldTypeEnumId="DBFFT_text-line" printTop="1.1875in" printLeft="4.25in">
            <moqui.screen.form.DbFormFieldAttribute attributeName="size" value="10"/></moqui.screen.form.DbFormField>
        <moqui.screen.form.DbFormField fieldName="1099m_03" title="3 Other income"
                layoutSequenceNum="23" fieldTypeEnumId="DBFFT_text-line" printTop="1.5in" printLeft="4.25in">
            <moqui.screen.form.DbFormFieldAttribute attributeName="size" value="10"/></moqui.screen.form.DbFormField>
        <moqui.screen.form.DbFormField fieldName="1099m_04" title="4 Federal income tax withheld"
                layoutSequenceNum="24" fieldTypeEnumId="DBFFT_text-line" printTop="1.5in" printLeft="5.625in">
            <moqui.screen.form.DbFormFieldAttribute attributeName="size" value="10"/></moqui.screen.form.DbFormField>
        <moqui.screen.form.DbFormField fieldName="1099m_05" title="5 Fishing boat proceeds"
                layoutSequenceNum="25" fieldTypeEnumId="DBFFT_text-line" printTop="2.17in" printLeft="4.25in">
            <moqui.screen.form.DbFormFieldAttribute attributeName="size" value="10"/></moqui.screen.form.DbFormField>
        <moqui.screen.form.DbFormField fieldName="1099m_06" title="6 Medical and health care payments"
                layoutSequenceNum="26" fieldTypeEnumId="DBFFT_text-line" printTop="2.17in" printLeft="5.625in">
            <moqui.screen.form.DbFormFieldAttribute attributeName="size" value="10"/></moqui.screen.form.DbFormField>
        <moqui.screen.form.DbFormField fieldName="1099m_07" title="7 Nonemployee compensation"
                layoutSequenceNum="27" fieldTypeEnumId="DBFFT_text-line" printTop="2.84in" printLeft="4.25in">
            <moqui.screen.form.DbFormFieldAttribute attributeName="size" value="10"/></moqui.screen.form.DbFormField>
        <moqui.screen.form.DbFormField fieldName="1099m_08" title="8 Substitute payments"
                layoutSequenceNum="28" fieldTypeEnumId="DBFFT_text-line" printTop="2.84in" printLeft="5.625in">
            <moqui.screen.form.DbFormFieldAttribute attributeName="size" value="10"/></moqui.screen.form.DbFormField>

        <moqui.screen.form.DbFormField fieldName="1099m_09" title="9 Direct sales for resale over 5k"
                layoutSequenceNum="29" fieldTypeEnumId="DBFFT_drop-down" printTop="3.35in" printLeft="5.32in">
            <DbFormFieldOption sequenceNum="1" keyValue="X"/><DbFormFieldAttribute attributeName="allow-empty" value="true"/>
        </moqui.screen.form.DbFormField>
        <moqui.screen.form.DbFormField fieldName="1099m_10" title="10 Crop insurance proceeds"
                layoutSequenceNum="30" fieldTypeEnumId="DBFFT_text-line" printTop="3.375in" printLeft="5.625in">
            <moqui.screen.form.DbFormFieldAttribute attributeName="size" value="10"/></moqui.screen.form.DbFormField>
        <moqui.screen.form.DbFormField fieldName="1099m_11" title="11 Other"
                layoutSequenceNum="31" fieldTypeEnumId="DBFFT_text-line" printTop="3.6875in" printLeft="4.25in">
            <moqui.screen.form.DbFormFieldAttribute attributeName="size" value="10"/></moqui.screen.form.DbFormField>
        <moqui.screen.form.DbFormField fieldName="1099m_12" title="12 Other"
                layoutSequenceNum="32" fieldTypeEnumId="DBFFT_text-line" printTop="3.6875in" printLeft="5.625in">
            <moqui.screen.form.DbFormFieldAttribute attributeName="size" value="10"/></moqui.screen.form.DbFormField>
        <moqui.screen.form.DbFormField fieldName="1099m_13" title="13 Excess golden parachute"
                layoutSequenceNum="33" fieldTypeEnumId="DBFFT_text-line" printTop="4.15in" printLeft="4.25in">
            <moqui.screen.form.DbFormFieldAttribute attributeName="size" value="10"/></moqui.screen.form.DbFormField>
        <moqui.screen.form.DbFormField fieldName="1099m_14" title="14 Gross proceeds to attorney"
                layoutSequenceNum="34" fieldTypeEnumId="DBFFT_text-line" printTop="4.15in" printLeft="5.625in">
            <moqui.screen.form.DbFormFieldAttribute attributeName="size" value="10"/></moqui.screen.form.DbFormField>

        <moqui.screen.form.DbFormField fieldName="1099m_15a" title="15a Section 409A deferrals"
                layoutSequenceNum="40" fieldTypeEnumId="DBFFT_text-line" printTop="4.6875in" printLeft="0.875in">
            <moqui.screen.form.DbFormFieldAttribute attributeName="size" value="10"/></moqui.screen.form.DbFormField>
        <moqui.screen.form.DbFormField fieldName="1099m_15b" title="15b Section 409A income"
                layoutSequenceNum="41" fieldTypeEnumId="DBFFT_text-line" printTop="4.6875in" printLeft="2.5625in">
            <moqui.screen.form.DbFormFieldAttribute attributeName="size" value="10"/></moqui.screen.form.DbFormField>


        <moqui.screen.form.DbFormField fieldName="1099m_16a" title="16a State tax withheld"
                layoutSequenceNum="61" fieldTypeEnumId="DBFFT_text-line" printTop="4.5in" printLeft="4.25in">
            <moqui.screen.form.DbFormFieldAttribute attributeName="size" value="10"/></moqui.screen.form.DbFormField>
        <moqui.screen.form.DbFormField fieldName="1099m_17a" title="17a State/Payer's state no."
                layoutSequenceNum="62" fieldTypeEnumId="DBFFT_text-line" printTop="4.5in" printLeft="5.625in">
            <moqui.screen.form.DbFormFieldAttribute attributeName="size" value="20"/></moqui.screen.form.DbFormField>
        <moqui.screen.form.DbFormField fieldName="1099m_18a" title="18a State income"
                layoutSequenceNum="63" fieldTypeEnumId="DBFFT_text-line" printTop="4.5in" printLeft="7in">
            <moqui.screen.form.DbFormFieldAttribute attributeName="size" value="10"/></moqui.screen.form.DbFormField>
        <moqui.screen.form.DbFormField fieldName="1099m_16b" title="16b State tax withheld"
                layoutSequenceNum="65" fieldTypeEnumId="DBFFT_text-line" printTop="4.6875in" printLeft="4.25in">
            <moqui.screen.form.DbFormFieldAttribute attributeName="size" value="10"/></moqui.screen.form.DbFormField>
        <moqui.screen.form.DbFormField fieldName="1099m_17b" title="17b State/Payer's state no."
                layoutSequenceNum="66" fieldTypeEnumId="DBFFT_text-line" printTop="4.6875in" printLeft="5.625in">
            <moqui.screen.form.DbFormFieldAttribute attributeName="size" value="20"/></moqui.screen.form.DbFormField>
        <moqui.screen.form.DbFormField fieldName="1099m_18b" title="18b State income"
                layoutSequenceNum="67" fieldTypeEnumId="DBFFT_text-line" printTop="4.6875in" printLeft="7in">
            <moqui.screen.form.DbFormFieldAttribute attributeName="size" value="10"/></moqui.screen.form.DbFormField>

        <moqui.screen.form.DbFormField fieldName="1099m_void" title="VOID"
                layoutSequenceNum="91" fieldTypeEnumId="DBFFT_drop-down" printTop="0.25in" printLeft="2.625in">
            <DbFormFieldOption sequenceNum="1" keyValue="X"/><DbFormFieldAttribute attributeName="allow-empty" value="true"/>
        </moqui.screen.form.DbFormField>
        <moqui.screen.form.DbFormField fieldName="1099m_corrected" title="CORRECTED"
                layoutSequenceNum="92" fieldTypeEnumId="DBFFT_drop-down" printTop="0.25in" printLeft="3.4375in">
            <DbFormFieldOption sequenceNum="1" keyValue="X"/><DbFormFieldAttribute attributeName="allow-empty" value="true"/>
        </moqui.screen.form.DbFormField>
    </moqui.screen.form.DbForm>
</entity-facade-xml>
