<?xml version="1.0" encoding="UTF-8"?>
<!--
This software is in the public domain under CC0 1.0 Universal plus a 
Grant of Patent License.

To the extent possible under law, the author(s) have dedicated all
copyright and related and neighboring rights to this software to the
public domain worldwide. This software is distributed without any
warranty.

You should have received a copy of the CC0 Public Domain Dedication
along with this software (see the LICENSE.md file). If not, see
<http://creativecommons.org/publicdomain/zero/1.0/>.
-->
<entity-facade-xml type="demo">
    <!-- NOTE 1265184000000 = 2010-02-03 00:00:00 US/Pacific -->

    <!-- Demo Features -->
    <mantle.product.feature.ProductFeature productFeatureId="ColorBlue" productFeatureTypeEnumId="PftColor" description="Blue" abbrev="BU"/>
    <mantle.product.feature.ProductFeature productFeatureId="ColorBlack" productFeatureTypeEnumId="PftColor" description="Black" abbrev="BL"/>
    <mantle.product.feature.ProductFeature productFeatureId="ColorRed" productFeatureTypeEnumId="PftColor" description="Red" abbrev="RD"/>
    <mantle.product.feature.ProductFeature productFeatureId="ColorGreen" productFeatureTypeEnumId="PftColor" description="Green" abbrev="GR"/>
    <mantle.product.feature.ProductFeature productFeatureId="ColorYellow" productFeatureTypeEnumId="PftColor" description="Yellow" abbrev="YL"/>
    <mantle.product.feature.ProductFeature productFeatureId="ColorWhite" productFeatureTypeEnumId="PftColor" description="White" abbrev="WH"/>

    <mantle.product.feature.ProductFeature productFeatureId="SizeSmall" productFeatureTypeEnumId="PftSize" description="Small" abbrev="SM"/>
    <mantle.product.feature.ProductFeature productFeatureId="SizeMedium" productFeatureTypeEnumId="PftSize" description="Medium" abbrev="MD"/>
    <mantle.product.feature.ProductFeature productFeatureId="SizeLarge" productFeatureTypeEnumId="PftSize" description="Large" abbrev="LG"/>
    <mantle.product.feature.ProductFeature productFeatureId="SizeXL" productFeatureTypeEnumId="PftSize" description="Extra Large" abbrev="XL"/>

    <!-- Ziziwork Retail Wiki/Content -->
    <moqui.resource.DbResource filename="Ziziwork" isFile="N" resourceId="Ziziwork" parentResourceId=""/>
    <moqui.resource.DbResource filename="retail" isFile="N" resourceId="zzw_retail" parentResourceId="Ziziwork"/>
    <moqui.resource.DbResource filename="content.html" isFile="Y" resourceId="zzw_content" parentResourceId="zzw_retail">
        <file mimeType="text/html" versionName="01" rootVersionName="01">
            <fileData><![CDATA[<h3>Welcome to Ziziwork Retail</h3>]]></fileData>
            <histories versionName="01" versionDate="1485028800000" isDiff="N"/>
        </file>
    </moqui.resource.DbResource>
    <!-- this is the directory to put all site content under -->
    <moqui.resource.DbResource filename="content" isFile="N" resourceId="zzw_content_dir" parentResourceId="zzw_retail"/>
    <!-- WikiSpace and root page -->
    <moqui.resource.wiki.WikiSpace wikiSpaceId="ZZW_RETAIL" description="Content for Ziziwork Retail" restrictView="N" allowAnyHtml="Y"
            rootPageLocation="dbresource://Ziziwork/retail/content.html" decoratorScreenLocation=""
            publicPageUrl="/popc/content/${pagePath}?ver=${versionName}" publicAttachmentUrl="/popc/content/attachment/${wikiPageId}/${filename}"/>
    <moqui.resource.wiki.WikiPage wikiPageId="zzw_content" wikiSpaceId="ZZW_RETAIL" pagePath="">
        <histories historySeqId="01" versionName="01" changeDateTime="1485028800000"/>
    </moqui.resource.wiki.WikiPage>
    <!-- About Us -->
    <moqui.resource.DbResource filename="about.html" isFile="Y" resourceId="zzw_about" parentResourceId="zzw_content_dir">
        <file mimeType="text/html" versionName="01" rootVersionName="01">
            <fileData><![CDATA[
            <h1>About Us</h1>
            <p>Ziziwork Retail takes busy work to the Z! Innovative products since 2010 to make your work and life easier.</p>
            ]]></fileData>
            <histories versionName="01" versionDate="1485028800000" isDiff="N"/>
        </file>
    </moqui.resource.DbResource>
    <moqui.resource.wiki.WikiPage wikiPageId="zzw_about" wikiSpaceId="ZZW_RETAIL" pagePath="about" publishedVersionName="01">
        <histories historySeqId="01" versionName="01" changeDateTime="1485028800000"/>
    </moqui.resource.wiki.WikiPage>
    <moqui.resource.wiki.WikiPageAlias wikiSpaceId="ZZW_RETAIL" aliasPath="about_alias" wikiPageId="zzw_about"/>
    <!-- Contact Us -->
    <moqui.resource.DbResource filename="contact.html" isFile="Y" resourceId="zzw_contact" parentResourceId="zzw_content_dir">
        <file mimeType="text/html" versionName="01" rootVersionName="01">
            <fileData><![CDATA[
            <h1>Contact Us</h1>
            <p>Ziziwork Retail is an imaginary demonstration company. To contact us close your eyes and imagine.</p>
            ]]></fileData>
            <histories versionName="01" versionDate="1485028800000" isDiff="N"/>
        </file>
    </moqui.resource.DbResource>
    <moqui.resource.wiki.WikiPage wikiPageId="zzw_contact" wikiSpaceId="ZZW_RETAIL" pagePath="contact" publishedVersionName="01">
        <histories historySeqId="01" versionName="01" changeDateTime="1485028800000"/>
    </moqui.resource.wiki.WikiPage>
    <moqui.screen.ScreenPathAlias aliasPath="/pcontact" fromDate="1485028800000" thruDate="" screenPath="/popc/content/contact"/>

    <!-- Ziziwork Retail Template Wiki Space -->
    <moqui.resource.DbResource filename="templates.html" isFile="Y" resourceId="zzwr_templates" parentResourceId="zzw_retail">
        <file mimeType="text/html" versionName="01" rootVersionName="01">
            <fileData><![CDATA[<h3>Ziziwork Retail eCommerce Templates</h3>]]></fileData>
            <histories versionName="01" versionDate="1485028800000" isDiff="N"/>
        </file>
    </moqui.resource.DbResource>
    <!-- this is the directory to put all site templates under -->
    <moqui.resource.DbResource filename="templates" isFile="N" resourceId="zzwr_templates_dir" parentResourceId="zzw_retail"/>
    <!-- WikiSpace and root page -->
    <moqui.resource.wiki.WikiSpace wikiSpaceId="ZZWR_TMP" description="Templates for Ziziwork Retail eCommerce" restrictView="N" allowAnyHtml="Y"
            rootPageLocation="dbresource://Ziziwork/retail/templates.html" decoratorScreenLocation=""/>
    <moqui.resource.wiki.WikiPage wikiPageId="zzwr_templates" wikiSpaceId="ZZWR_TMP" pagePath="">
        <histories historySeqId="01" versionName="01" changeDateTime="1485028800000"/></moqui.resource.wiki.WikiPage>

    <!-- server and client pages -->
    <moqui.resource.DbResource filename="server" isFile="N" resourceId="zzwrt_server_dir" parentResourceId="zzwr_templates_dir"/>
    <moqui.resource.DbResource filename="server.html" isFile="Y" resourceId="zzwrt_server" parentResourceId="zzwr_templates_dir">
        <file mimeType="text/html" versionName="01" rootVersionName="01">
            <fileData><![CDATA[<h3>Ziziwork Retail eCommerce Templates - Server</h3>]]></fileData>
            <histories versionName="01" versionDate="1485028800000" isDiff="N"/>
        </file>
    </moqui.resource.DbResource>
    <moqui.resource.wiki.WikiPage wikiPageId="zzwrt_server" wikiSpaceId="ZZWR_TMP" pagePath="server">
        <histories historySeqId="01" versionName="01" changeDateTime="1485028800000"/></moqui.resource.wiki.WikiPage>
    <moqui.resource.DbResource filename="client" isFile="N" resourceId="zzwrt_client_dir" parentResourceId="zzwr_templates_dir"/>
    <moqui.resource.DbResource filename="client.html" isFile="Y" resourceId="zzwrt_client" parentResourceId="zzwr_templates_dir">
        <file mimeType="text/html" versionName="01" rootVersionName="01">
            <fileData><![CDATA[<h3>Ziziwork Retail eCommerce Templates - Client</h3>]]></fileData>
            <histories versionName="01" versionDate="1485028800000" isDiff="N"/>
        </file>
    </moqui.resource.DbResource>
    <moqui.resource.wiki.WikiPage wikiPageId="zzwrt_client" wikiSpaceId="ZZWR_TMP" pagePath="client">
        <histories historySeqId="01" versionName="01" changeDateTime="1485028800000"/></moqui.resource.wiki.WikiPage>

    <!-- demo override server and client footer pages -->
    <moqui.resource.DbResource filename="footer.ftl" isFile="Y" resourceId="zzwr_srv_footer" parentResourceId="zzwrt_server_dir">
        <file mimeType="text/html" versionName="01" rootVersionName="01">
            <fileData><![CDATA[
            <footer class="footer"><div class="container">
                <p class="text-center">Built on Moqui Framework</p>
                <#if ec.user.username??><p class="text-center"><small>Logged in as ${ec.user.username}</small></p></#if>
                <p class="text-right text-muted"><small>from wiki server content, clear store config to see default</small></p>
            </div></footer>
            ]]></fileData>
            <histories versionName="01" versionDate="1485028800000" isDiff="N"/>
        </file>
    </moqui.resource.DbResource>
    <moqui.resource.wiki.WikiPage wikiPageId="zzwr_srv_footer" wikiSpaceId="ZZWR_TMP" pagePath="server/footer" publishedVersionName="01">
        <histories historySeqId="01" versionName="01" changeDateTime="1485028800000"/></moqui.resource.wiki.WikiPage>
    <moqui.resource.DbResource filename="footer.html" isFile="Y" resourceId="zzwr_clt_footer" parentResourceId="zzwrt_client_dir">
        <file mimeType="text/html" versionName="01" rootVersionName="01">
            <fileData><![CDATA[
            <footer class="footer"><div class="container">
                <p class="text-center">Built on Moqui Framework</p>
                <p class="text-right text-muted"><small>from wiki client content, clear store config to see default</small></p>
            </div></footer>
            ]]></fileData>
            <histories versionName="01" versionDate="1485028800000" isDiff="N"/>
        </file>
    </moqui.resource.DbResource>
    <moqui.resource.wiki.WikiPage wikiPageId="zzwr_clt_footer" wikiSpaceId="ZZWR_TMP" pagePath="client/footer" publishedVersionName="01">
        <histories historySeqId="01" versionName="01" changeDateTime="1485028800000"/></moqui.resource.wiki.WikiPage>

    <!-- Ziziwork Retail Warehouse Facility -->
    <mantle.facility.Facility facilityId="ZIRET_WH" facilityTypeEnumId="FcTpWarehouse" assetAllowIssueOverQoh="Y"
            ownerPartyId="ORG_ZIZI_RETAIL" facilityName="Ziziwork Retail Warehouse">
        <contactMechs contactMechId="ORG_ZIZI_RTL_SA" contactMechPurposeId="PostalPrimary"/>
        <contactMechs contactMechId="ORG_ZIZI_RTL_PT" contactMechPurposeId="PhonePrimary"/>

        <locations locationTypeEnumId="FltPick" locationSeqId="01010101" sequenceNum="1" areaId="01" aisleId="01" sectionId="01" levelId="01" positionId=""/>
        <locations locationTypeEnumId="FltPick" locationSeqId="01010201" sequenceNum="2" areaId="01" aisleId="01" sectionId="02" levelId="01" positionId=""/>
        <locations locationTypeEnumId="FltPick" locationSeqId="01010301" sequenceNum="3" areaId="01" aisleId="01" sectionId="03" levelId="01" positionId=""/>
        <locations locationTypeEnumId="FltPick" locationSeqId="01010401" sequenceNum="4" areaId="01" aisleId="01" sectionId="04" levelId="01" positionId=""/>
        <locations locationTypeEnumId="FltPick" locationSeqId="01010501" sequenceNum="5" areaId="01" aisleId="01" sectionId="05" levelId="01" positionId=""/>
        <locations locationTypeEnumId="FltPick" locationSeqId="01020101" sequenceNum="6" areaId="01" aisleId="02" sectionId="01" levelId="01" positionId=""/>
        <locations locationTypeEnumId="FltPick" locationSeqId="01020201" sequenceNum="7" areaId="01" aisleId="02" sectionId="02" levelId="01" positionId=""/>
        <locations locationTypeEnumId="FltPick" locationSeqId="01020301" sequenceNum="8" areaId="01" aisleId="02" sectionId="03" levelId="01" positionId=""/>
        <locations locationTypeEnumId="FltPick" locationSeqId="01020401" sequenceNum="9" areaId="01" aisleId="02" sectionId="04" levelId="01" positionId=""/>
        <locations locationTypeEnumId="FltPick" locationSeqId="01020501" sequenceNum="10" areaId="01" aisleId="02" sectionId="05" levelId="01" positionId=""/>

        <locations locationTypeEnumId="FltBulk" locationSeqId="01010102" sequenceNum="59" areaId="01" aisleId="01" sectionId="01" levelId="02" positionId=""/>
        <locations locationTypeEnumId="FltBulk" locationSeqId="01010202" sequenceNum="58" areaId="01" aisleId="01" sectionId="02" levelId="02" positionId=""/>
        <locations locationTypeEnumId="FltBulk" locationSeqId="01010302" sequenceNum="57" areaId="01" aisleId="01" sectionId="03" levelId="02" positionId=""/>
        <locations locationTypeEnumId="FltBulk" locationSeqId="01010402" sequenceNum="56" areaId="01" aisleId="01" sectionId="04" levelId="02" positionId=""/>
        <locations locationTypeEnumId="FltBulk" locationSeqId="01010502" sequenceNum="55" areaId="01" aisleId="01" sectionId="05" levelId="02" positionId=""/>
        <locations locationTypeEnumId="FltBulk" locationSeqId="01020102" sequenceNum="54" areaId="01" aisleId="02" sectionId="01" levelId="02" positionId=""/>
        <locations locationTypeEnumId="FltBulk" locationSeqId="01020202" sequenceNum="53" areaId="01" aisleId="02" sectionId="02" levelId="02" positionId=""/>
        <locations locationTypeEnumId="FltBulk" locationSeqId="01020302" sequenceNum="52" areaId="01" aisleId="02" sectionId="03" levelId="02" positionId=""/>
        <locations locationTypeEnumId="FltBulk" locationSeqId="01020402" sequenceNum="51" areaId="01" aisleId="02" sectionId="04" levelId="02" positionId=""/>
        <locations locationTypeEnumId="FltBulk" locationSeqId="01020502" sequenceNum="50" areaId="01" aisleId="02" sectionId="05" levelId="02" positionId=""/>

        <locations locationTypeEnumId="FltReceiving" locationSeqId="0801" sequenceNum="80" areaId="08" aisleId="01" sectionId="" levelId="" positionId=""/>
    </mantle.facility.Facility>
    <mantle.facility.FacilityLocationType facilityId="ZIRET_WH" locationTypeEnumId="FltPick" autoStatusId="AstAvailable"/>
    <mantle.facility.FacilityLocationType facilityId="ZIRET_WH" locationTypeEnumId="FltReceiving" autoStatusId="AstOnHold"/>
    <mantle.facility.FacilityLocationType facilityId="ZIRET_WH" locationTypeEnumId="FltQuarantine" autoStatusId="AstQuarantine"/>
    <mantle.facility.FacilityLocationType facilityId="ZIRET_WH" locationTypeEnumId="FltMorgue" autoStatusId="AstMorgue"/>

    <mantle.product.asset.Container containerId="ZWH_1234" containerTypeEnumId="CtBinShelf" serialNumber="1234"
            description="Test container 1234" facilityId="ZIRET_WH" locationSeqId="01010101"/>
    <mantle.product.asset.Container containerId="ZWH_1235" containerTypeEnumId="CtBinShelf" serialNumber="1235"
            description="Test container 1235" facilityId="ZIRET_WH" locationSeqId="01010101"/>
    <mantle.product.asset.Container containerId="ZWH_2234" containerTypeEnumId="CtBinShelf" serialNumber="2234"
            description="Test container 2234" facilityId="ZIRET_WH" locationSeqId="01020101"/>
    <mantle.product.asset.Container containerId="ZWH_2235" containerTypeEnumId="CtBinShelf" serialNumber="2235"
            description="Test container 2235" facilityId="ZIRET_WH" locationSeqId="01020201"/>

    <mantle.product.asset.Container containerId="ZWH_P123" containerTypeEnumId="CtPalletUs4048" serialNumber="P123"
            description="Test pallet P123" facilityId="ZIRET_WH" locationSeqId="01010102"/>
    <mantle.product.asset.Container containerId="ZWH_P199" containerTypeEnumId="CtPalletUs4048" serialNumber="P199"
            description="Test pallet P199" facilityId="ZIRET_WH" locationSeqId="01010502"/>


    <!-- Ziziwork Retail ProductStore -->
    <mantle.product.store.ProductStore productStoreId="POPC_DEFAULT" storeName="Ziziwork Retail Store"
            organizationPartyId="ORG_ZIZI_RETAIL" inventoryFacilityId="ZIRET_WH" reservationOrderEnumId="AsResOrdFifoRec"
            wikiSpaceId="ZZW_RETAIL" defaultLocale="en_US" defaultCurrencyUomId="USD" taxGatewayConfigId="LOCAL" requireInventory="Y">
        <!-- use these to limit options for store, defaults to all CarrierShipmentMethod options for each carrier there is a shipping gateway for:
        <shipOptions carrierPartyId="_NA_" shipmentMethodEnumId="ShMthGround" sequenceNum="1"/>
        <shipOptions carrierPartyId="_NA_" shipmentMethodEnumId="ShMthNextDay" sequenceNum="2"/>
        -->
        <shippingGateways carrierPartyId="_NA_" shippingGatewayConfigId="NA_LOCAL"/>
        <paymentGateways paymentInstrumentEnumId="PiCreditCard" paymentGatewayConfigId="TEST_APPROVE"/>
    </mantle.product.store.ProductStore>

    <mantle.product.store.ProductStorePromotion storePromotionId="PopcBuyGet" productStoreId="POPC_DEFAULT"
            itemDescription="Buy 1 Get 1 Half Off" serviceRegisterId="BuyGetDiscount" sequenceNum="10" requireCode="Y"
            useLimitPerOrder="2" useLimitPerCustomer="4" useLimitPerPromotion="10">
        <parameters parameterName="buyQuantity" parameterValue="1"/>
        <parameters parameterName="getQuantity" parameterValue="1"/>
        <parameters parameterName="discountPercent" parameterValue="50"/>
        <codes promoCodeId="TEST1" promoCode="TEST1" requireParty="Y" useLimitPerCustomer="2">
            <parties partyId="CustJqp"/></codes>
        <codes promoCodeId="TEST2" promoCode="TEST2" requireParty="N" useLimitPerCode="5" useLimitPerCustomer="1"/>
    </mantle.product.store.ProductStorePromotion>
    <mantle.product.store.ProductStorePromotion storePromotionId="PopcNewCustomer" productStoreId="POPC_DEFAULT"
            itemDescription="20% Discount for New Customers" serviceRegisterId="NewCustomerDiscount" sequenceNum="99">
        <parameters parameterName="discountPercent" parameterValue="20"/>
    </mantle.product.store.ProductStorePromotion>

    <!-- Default Home Page and Root Browse Categories -->
    <mantle.product.category.ProductCategory productCategoryId="PopcHome" productCategoryTypeEnumId="PctCatalog"
            categoryName="Home Page Category"/>
    <mantle.product.store.ProductStoreCategory productStoreId="POPC_DEFAULT" productCategoryId="PopcHome"
            storeCategoryTypeEnumId="PsctHomePage" fromDate="1265184000000" thruDate=""/>
    <mantle.product.category.ProductCategory productCategoryId="PopcBrowseRoot"
            productCategoryTypeEnumId="PctCatalog" categoryName="Browse Root Category"/>
    <mantle.product.store.ProductStoreCategory productStoreId="POPC_DEFAULT" productCategoryId="PopcBrowseRoot"
            storeCategoryTypeEnumId="PsctBrowseRoot" fromDate="1265184000000" thruDate=""/>

    <mantle.product.category.ProductCategory productCategoryId="PopcAllProducts"
            productCategoryTypeEnumId="PctCatalog" categoryName="POPC All Products Category"/>
    <mantle.product.store.ProductStoreCategory productStoreId="POPC_DEFAULT" productCategoryId="PopcAllProducts"
            storeCategoryTypeEnumId="PsctSearch" fromDate="1265184000000" thruDate=""/>
    <mantle.product.store.ProductStoreCategory productStoreId="POPC_DEFAULT" productCategoryId="PopcAllProducts"
            storeCategoryTypeEnumId="PsctViewAllow" fromDate="1265184000000" thruDate=""/>
    <mantle.product.store.ProductStoreCategory productStoreId="POPC_DEFAULT" productCategoryId="PopcAllProducts"
            storeCategoryTypeEnumId="PsctPurchaseAllow" fromDate="1265184000000" thruDate=""/>
    <mantle.ledger.config.ProductCategoryGlAccount productCategoryId="PopcAllProducts"
            organizationPartyId="ORG_ZIZI_RETAIL" glAccountTypeEnumId="GatInventory" glAccountId="141300000"/>

    <mantle.product.category.ProductCategory productCategoryId="PopcDeals"
            productCategoryTypeEnumId="PctCatalog" categoryName="Deals"/>
    <mantle.product.store.ProductStoreCategory productStoreId="POPC_DEFAULT" productCategoryId="PopcDeals"
            storeCategoryTypeEnumId="PsctPromotions" fromDate="1265184000000" thruDate=""/>

    <mantle.product.category.ProductCategory productCategoryId="PopcNew"
            productCategoryTypeEnumId="PctCatalog" categoryName="New"/>
    <mantle.product.store.ProductStoreCategory productStoreId="POPC_DEFAULT" productCategoryId="PopcNew"
            storeCategoryTypeEnumId="PsctNewProducts" fromDate="1265184000000" thruDate=""/>

    <mantle.product.category.ProductCategory productCategoryId="PopcFeatured"
            productCategoryTypeEnumId="PctCatalog" categoryName="Featured Best Sellers"/>
    <mantle.product.store.ProductStoreCategory productStoreId="POPC_DEFAULT" productCategoryId="PopcFeatured"
            storeCategoryTypeEnumId="PsctFeatured" fromDate="1265184000000" thruDate=""/>

    <!-- Demo Categories -->
    <mantle.product.category.ProductCategory productCategoryId="DEMO_ONE" productCategoryTypeEnumId="PctCatalog"
            categoryName="Demo Category One" description="" ownerPartyId="ORG_ZIZI_RETAIL"/>
    <mantle.product.category.ProductCategoryRollup productCategoryId="DEMO_ONE"
            parentProductCategoryId="PopcBrowseRoot" fromDate="1265184000000" sequenceNum="11"/>

    <mantle.product.category.ProductCategory productCategoryId="DEMO_TWO" productCategoryTypeEnumId="PctCatalog"
            categoryName="Demo Category Two" description="" ownerPartyId="ORG_ZIZI_RETAIL"/>
    <mantle.product.category.ProductCategoryRollup productCategoryId="DEMO_TWO"
            parentProductCategoryId="PopcBrowseRoot" fromDate="1265184000000" sequenceNum="12"/>

    <mantle.product.category.ProductCategory productCategoryId="DEMO_THREE" productCategoryTypeEnumId="PctCatalog"
            categoryName="Demo Category Three" description="" ownerPartyId="ORG_ZIZI_RETAIL"/>
    <mantle.product.category.ProductCategoryRollup productCategoryId="DEMO_THREE"
            parentProductCategoryId="PopcBrowseRoot" fromDate="1265184000000" sequenceNum="13"/>

    <!-- Demo Sub Assembly and Raw Materials Categories -->
    <mantle.product.category.ProductCategory productCategoryId="DEMO_SA" productCategoryTypeEnumId="PctMaterials"
            categoryName="Demo Sub Assemblies" description="" ownerPartyId="ORG_ZIZI_RETAIL"/>
    <mantle.product.category.ProductCategory productCategoryId="DEMO_RM" productCategoryTypeEnumId="PctMaterials"
            categoryName="Demo Raw Materials" description="" ownerPartyId="ORG_ZIZI_RETAIL"/>
    <!-- Demo Equipment Categories -->
    <mantle.product.category.ProductCategory productCategoryId="DEMO_EQUIP" productCategoryTypeEnumId="PctMaterials"
            categoryName="Demo Equipment" description="" ownerPartyId="ORG_ZIZI_RETAIL"/>

    <!-- Demo wiki based template settings, use for both PswstTemplateInfo and PswstTemplateInteractive -->
    <mantle.product.store.ProductStoreWikiSpace storeWikiSpaceId="POPCD_TMP_SRV" productStoreId="POPC_DEFAULT"
            spaceTypeEnumId="PstTmpSrv" locale="" fromDate="1265184000000" thruDate="" wikiSpaceId="ZZWR_TMP"/>
    <mantle.product.store.ProductStoreWikiSpace storeWikiSpaceId="POPCD_TMP_CLT" productStoreId="POPC_DEFAULT"
            spaceTypeEnumId="PstTmpClt" locale="" fromDate="1265184000000" thruDate="" wikiSpaceId="ZZWR_TMP"/>

    <mantle.product.store.ProductStoreWikiContent storeWikiContentId="POPCD_SRV_FOOTER" productStoreId="POPC_DEFAULT"
            contentTypeEnumId="PsctFooterTemplateServer" fromDate="1265184000000" thruDate="" spaceTypeEnumId="PstTmpSrv" pagePath="server/footer"/>
    <mantle.product.store.ProductStoreWikiContent storeWikiContentId="POPCD_CLT_FOOTER" productStoreId="POPC_DEFAULT"
            contentTypeEnumId="PsctFooterTemplate" fromDate="1265184000000" thruDate="" spaceTypeEnumId="PstTmpClt" pagePath="client/footer"/>

    <!-- ========== Demo Asset Pools ========== -->

    <mantle.product.asset.AssetPool assetPoolId="ZIRET_JJD" description="ZIRET Pool for J&amp;J Distributing" ownerPartyId="ORG_ZIZI_RETAIL">
        <poolParties partyId="JoeDist" roleTypeId="Customer"/></mantle.product.asset.AssetPool>
    <mantle.product.asset.AssetPool assetPoolId="ZIRET_POPC" description="ZIRET Pool for POPC Default Store" ownerPartyId="ORG_ZIZI_RETAIL">
        <poolStores productStoreId="POPC_DEFAULT"/></mantle.product.asset.AssetPool>

    <!-- ========== Demo Products ========== -->

    <!-- Sub Assemblies and Materials for DEMO Products -->
    <mantle.product.Product productId="DEMO_SA_1" productTypeEnumId="PtAsset" assetTypeEnumId="AstTpInventory"
            assetClassEnumId="AsClsInventorySub" productName="Demo Sub Assembly One" description="">
        <categories productCategoryId="DEMO_SA" fromDate="1265184000000" sequenceNum="1"/>
        <mantle.product.asset.Asset assetId="DEMO_SA_1A" assetTypeEnumId="AstTpInventory" classEnumId="AsClsInventorySub"
                statusId="AstAvailable" containerId="ZWH_P199" ownerPartyId="ORG_ZIZI_RETAIL"
                hasQuantity="Y" quantityOnHandTotal="0" availableToPromiseTotal="0"
                acquireCost="0.50" acquireCostUomId="USD" receivedDate="1265184000000">
            <mantle.product.asset.AssetDetail assetDetailId="DEMO_SA_1A" effectiveDate="1265184000000"
                    quantityOnHandDiff="100" availableToPromiseDiff="100"/>
        </mantle.product.asset.Asset>
        <prices productPriceId="DEMO_SA_1_CS1" vendorPartyId="ZiddlemanInc" pricePurposeEnumId="PppPurchase" priceTypeEnumId="PptCurrent"
                fromDate="1265184000000" minQuantity="1" price="0.50" priceUomId="USD"/>
    </mantle.product.Product>
    <mantle.product.Product productId="DEMO_SA_2" productTypeEnumId="PtAsset" assetTypeEnumId="AstTpInventory"
            assetClassEnumId="AsClsInventorySub" productName="Demo Sub Assembly Two" description="">
        <categories productCategoryId="DEMO_SA" fromDate="1265184000000" sequenceNum="2"/>
        <mantle.product.asset.Asset assetId="DEMO_SA_2A" assetTypeEnumId="AstTpInventory" classEnumId="AsClsInventorySub"
                statusId="AstAvailable" containerId="ZWH_P199" ownerPartyId="ORG_ZIZI_RETAIL"
                hasQuantity="Y" quantityOnHandTotal="0" availableToPromiseTotal="0"
                acquireCost="0.75" acquireCostUomId="USD" receivedDate="1265184000000">
            <mantle.product.asset.AssetDetail assetDetailId="DEMO_SA_2A" effectiveDate="1265184000000"
                    quantityOnHandDiff="150" availableToPromiseDiff="150"/>
        </mantle.product.asset.Asset>
        <prices productPriceId="DEMO_SA_2_CS1" vendorPartyId="ZiddlemanInc" pricePurposeEnumId="PppPurchase" priceTypeEnumId="PptCurrent"
                fromDate="1265184000000" minQuantity="1" price="0.75" priceUomId="USD"/>
    </mantle.product.Product>
    <mantle.product.Product productId="DEMO_RM_1" productTypeEnumId="PtAsset" assetTypeEnumId="AstTpInventory"
            assetClassEnumId="AsClsInventoryRaw" productName="Demo Raw Material 1" description="">
        <categories productCategoryId="DEMO_RM" fromDate="1265184000000" sequenceNum="1"/>
        <mantle.product.asset.Asset assetId="DEMO_RM_1A" assetTypeEnumId="AstTpInventory" classEnumId="AsClsInventoryRaw"
                statusId="AstAvailable" facilityId="ZIRET_WH" ownerPartyId="ORG_ZIZI_RETAIL"
                hasQuantity="Y" quantityOnHandTotal="0" availableToPromiseTotal="0"
                acquireCost="0.10" acquireCostUomId="USD" receivedDate="1265184000000">
            <mantle.product.asset.AssetDetail assetDetailId="DEMO_RM_1A" effectiveDate="1265184000000"
                    quantityOnHandDiff="500" availableToPromiseDiff="500"/>
        </mantle.product.asset.Asset>
        <prices productPriceId="DEMO_RM_1_CS1" vendorPartyId="ZiddlemanInc" pricePurposeEnumId="PppPurchase" priceTypeEnumId="PptCurrent"
                fromDate="1265184000000" minQuantity="1" price="0.10" priceUomId="USD"/>
    </mantle.product.Product>

    <!-- Demo Unit Product -->
    <mantle.product.Product productId="DEMO_UNIT" productTypeEnumId="PtAsset" assetTypeEnumId="AstTpInventory" assetClassEnumId="AsClsInventoryFin"
            chargeShipping="Y" returnable="Y" productName="Demo Product One Unit" description="" ownerPartyId="ORG_ZIZI_RETAIL"/>
    <mantle.product.ProductPrice productPriceId="DEMO_UNIT_C" productId="DEMO_UNIT"
            pricePurposeEnumId="PppPurchase" priceTypeEnumId="PptCurrent"  fromDate="1265184000000"
            minQuantity="1" price="1" priceUomId="USD"/>
    <mantle.product.category.ProductCategoryMember productCategoryId="PopcAllProducts" productId="DEMO_UNIT" fromDate="1265184000000"/>
    <mantle.product.category.ProductCategoryMember productCategoryId="DEMO_ONE" productId="DEMO_UNIT" fromDate="1265184000000" sequenceNum="10"/>
    <mantle.product.category.ProductCategoryMember productCategoryId="PopcHome" productId="DEMO_UNIT" fromDate="1265184000000" sequenceNum="3"/>
    <!-- In container facility and location set automatically, ie no facilityId="ZIRET_WH" -->
    <mantle.product.asset.Asset assetId="DEMO_UNITA" assetTypeEnumId="AstTpInventory" classEnumId="AsClsInventoryFin"
            statusId="AstAvailable" productId="DEMO_UNIT" containerId="ZWH_P123" ownerPartyId="ORG_ZIZI_RETAIL"
            hasQuantity="Y" quantityOnHandTotal="0" availableToPromiseTotal="0"
            acquireCost="1" acquireCostUomId="USD" receivedDate="1265184000000"/>
    <mantle.product.asset.AssetDetail assetDetailId="DEMO_UNITA" assetId="DEMO_UNITA" effectiveDate="1265184000000"
            quantityOnHandDiff="1000" availableToPromiseDiff="1000" productId="DEMO_UNIT"/>

    <!-- DEMO_1_1 -->
    <moqui.resource.DbResource resourceId="MCNT_PROD_DEMO_1_1" filename="DEMO_1_1" isFile="N" parentResourceId="MCNT_PRODUCT"/>
    <moqui.resource.DbResource filename="PcntDescriptionLong.html" isFile="Y" resourceId="MCNT_PROD_DEMO_1_1_DL" parentResourceId="MCNT_PROD_DEMO_1_1">
        <file mimeType="text/html" versionName="01" rootVersionName="01">
            <fileData><![CDATA[<p>The first product of the first category.</p><p>If that doesn't impress you our price will!</p>]]></fileData>
            <histories versionName="01" versionDate="1485028800000" isDiff="N"/>
        </file>
    </moqui.resource.DbResource>
    <mantle.product.Product productId="DEMO_1_1" productTypeEnumId="PtAsset" assetTypeEnumId="AstTpInventory" assetClassEnumId="AsClsInventoryFin"
            chargeShipping="Y" returnable="Y" productName="Demo Product One-One" description="" ownerPartyId="ORG_ZIZI_RETAIL">
        <!-- list price -->
        <prices productPriceId="DEMO_1_1_L" pricePurposeEnumId="PppPurchase" priceTypeEnumId="PptList"  fromDate="1265184000000"
                minQuantity="1" price="19.99" priceUomId="USD"/>
        <!-- long-term current price -->
        <prices productPriceId="DEMO_1_1_CLT" pricePurposeEnumId="PppPurchase" priceTypeEnumId="PptCurrent"  fromDate="1265184000000"
                minQuantity="1" price="18.99" priceUomId="USD"/>
        <!-- temporary lower current price for POPC_DEFAULT store only, more recent fromDate so will be used within its valid date range -->
        <prices productPriceId="DEMO_1_1_CTL" productStoreId="POPC_DEFAULT"
                pricePurposeEnumId="PppPurchase" priceTypeEnumId="PptCurrent"  fromDate="2013-01-01 00:00:00"
                thruDate="2030-01-01 00:00:00" minQuantity="1" price="16.99" priceUomId="USD"/>
        <categories productCategoryId="PopcAllProducts" fromDate="1265184000000"/>
        <categories productCategoryId="DEMO_ONE" fromDate="1265184000000" sequenceNum="1"/>
        <mantle.product.asset.Asset assetId="DEMO_1_1A" assetTypeEnumId="AstTpInventory" classEnumId="AsClsInventoryFin"
                statusId="AstAvailable" facilityId="ZIRET_WH" locationSeqId="01010101" ownerPartyId="ORG_ZIZI_RETAIL"
                hasQuantity="Y" quantityOnHandTotal="0" availableToPromiseTotal="0"
                acquireCost="7.50" acquireCostUomId="USD" receivedDate="1265184000000">
            <mantle.product.asset.AssetDetail assetDetailId="DEMO_1_1A" effectiveDate="1265184000000"
                    quantityOnHandDiff="100" availableToPromiseDiff="100"/>
        </mantle.product.asset.Asset>
        <!-- Inventory just for Joe Q. Public via AssetPool -->
        <!-- uncomment when reservations updates to handle pools, minimize impact on tests:
        <mantle.product.asset.Asset assetId="DEMO_1_1JJD" assetTypeEnumId="AstTpInventory" classEnumId="AsClsInventoryFin"
                statusId="AstAvailable" facilityId="ZIRET_WH" locationSeqId="01010101" ownerPartyId="ORG_ZIZI_RETAIL"
                hasQuantity="Y" quantityOnHandTotal="0" availableToPromiseTotal="0" assetPoolId="ZIRET_JJD"
                acquireCost="7.50" acquireCostUomId="USD" receivedDate="1265184000000">
            <mantle.product.asset.AssetDetail assetDetailId="DEMO_1_1JJD" effectiveDate="1265184000000"
                    quantityOnHandDiff="20" availableToPromiseDiff="20"/>
        </mantle.product.asset.Asset>
        -->
        <!-- Supplier prices -->
        <prices productPriceId="DEMO_1_1_CS1" vendorPartyId="ZiddlemanInc"
                pricePurposeEnumId="PppPurchase" priceTypeEnumId="PptCurrent"
                fromDate="1265184000000" minQuantity="1" price="9.00" priceUomId="USD"/>
        <prices productPriceId="DEMO_1_1_CS100" vendorPartyId="ZiddlemanInc"
                pricePurposeEnumId="PppPurchase" priceTypeEnumId="PptCurrent"
                fromDate="1265184000000" minQuantity="100" price="8.00" priceUomId="USD"/>
        <dimensions dimensionTypeId="ShippingWeight" value="5" valueUomId="WT_lb"/>
        <contents productContentId="DEMO_1_1_DL" productContentTypeEnumId="PcntDescriptionLong" locale="en_US"
                contentLocation="dbresource://mantle/content/product/DEMO_1_1/PcntDescriptionLong.html"/>
        <!-- these are for resource based product images -->
        <contents productContentId="DEMO_1_1_IS_1" productContentTypeEnumId="PcntImageSmall" locale="" sequenceNum="1" description="Parties"
                contentLocation="component://SimpleScreens/screen/ssstatic/images/Parties.png"/>
        <contents productContentId="DEMO_1_1_IS_2" productContentTypeEnumId="PcntImageSmall" locale="" sequenceNum="2" description="Sales"
                contentLocation="component://SimpleScreens/screen/ssstatic/images/Sales.png"/>
        <contents productContentId="DEMO_1_1_IS_3" productContentTypeEnumId="PcntImageSmall" locale="" sequenceNum="3" description="Vendor"
                contentLocation="component://SimpleScreens/screen/ssstatic/images/Vendor.png"/>
    </mantle.product.Product>
    <!-- DEMO_1_1 BOM -->
    <mantle.product.ProductAssoc productId="DEMO_1_1" toProductId="DEMO_SA_1" productAssocTypeEnumId="PatMfgBom"
            fromDate="1265184000000" thruDate="" sequenceNum="" quantity="1"/>
    <mantle.product.ProductAssoc productId="DEMO_1_1" toProductId="DEMO_SA_2" productAssocTypeEnumId="PatMfgBom"
            fromDate="1265184000000" thruDate="" sequenceNum="" quantity="2"/>
    <mantle.product.ProductAssoc productId="DEMO_1_1" toProductId="DEMO_RM_1" productAssocTypeEnumId="PatMfgBom"
            fromDate="1265184000000" thruDate="" sequenceNum="" quantity="4"/>

    <!-- Product DEMO_1_2 -->
    <mantle.product.Product productId="DEMO_1_2" productTypeEnumId="PtAsset" assetTypeEnumId="AstTpInventory" assetClassEnumId="AsClsInventoryFin"
            productName="Demo Product One-Two" description="" chargeShipping="Y" returnable="Y" ownerPartyId="ORG_ZIZI_RETAIL"/>
    <mantle.product.ProductPrice productPriceId="DEMO_1_2_C" productId="DEMO_1_2"
            pricePurposeEnumId="PppPurchase" priceTypeEnumId="PptCurrent"  fromDate="1265184000000"
            minQuantity="1" price="11119.99" priceUomId="USD"/>
    <mantle.product.category.ProductCategoryMember productCategoryId="PopcAllProducts" productId="DEMO_1_2"
            fromDate="1265184000000"/>
    <mantle.product.category.ProductCategoryMember productCategoryId="PopcHome" productId="DEMO_1_2"
            fromDate="1265184000000" sequenceNum="1"/>
    <mantle.product.category.ProductCategoryMember productCategoryId="DEMO_ONE" productId="DEMO_1_2"
            fromDate="1265184000000" sequenceNum="2"/>
    <mantle.product.ProductReview productReviewId="100001" productId="DEMO_1_2" productStoreId="POPC_DEFAULT" productRating="5"
            postedAnonymous="N" statusId="PrvwApproved" userId="EX_JOHN_DOE" productReview="Amazing product !!"
            postedDateTime="1432675690547" lastUpdatedStamp="1432675690534"/>
    <mantle.product.ProductReview productReviewId="100002" productId="DEMO_1_2" productStoreId="POPC_DEFAULT" productRating="3"
            postedAnonymous="Y" statusId="PrvwApproved" userId="_NA_" productReview="I like it ..."
            postedDateTime="1432675690547" lastUpdatedStamp="1432675690534"/>
    <!-- inventory earmarked for POPC_DEFAULT store via AssetPool -->
    <mantle.product.asset.Asset assetId="DEMO_1_2_POPC" assetTypeEnumId="AstTpInventory" classEnumId="AsClsInventoryFin"
            statusId="AstAvailable" productId="DEMO_1_2" facilityId="ZIRET_WH" locationSeqId="01010201" ownerPartyId="ORG_ZIZI_RETAIL"
            hasQuantity="Y" quantityOnHandTotal="0" availableToPromiseTotal="0" assetPoolId="ZIRET_POPC"
            acquireCost="6000.00" acquireCostUomId="USD" receivedDate="1265184000000"/>
    <mantle.product.asset.AssetDetail assetDetailId="DEMO_1_2_POPC" assetId="DEMO_1_2_POPC" effectiveDate="1265184000000"
            quantityOnHandDiff="5" availableToPromiseDiff="5" productId="DEMO_1_2"/>

    <!-- Product DEMO_2_1 -->
    <mantle.product.Product productId="DEMO_2_1" productTypeEnumId="PtAsset" assetTypeEnumId="AstTpInventory" assetClassEnumId="AsClsInventoryFin"
            chargeShipping="Y" returnable="Y" productName="Demo Product Two-One" description="" ownerPartyId="ORG_ZIZI_RETAIL"/>
    <mantle.product.ProductPrice productPriceId="DEMO_2_1_C" productId="DEMO_2_1"
            pricePurposeEnumId="PppPurchase" priceTypeEnumId="PptCurrent"  fromDate="1265184000000"
            minQuantity="1" price="12.12" priceUomId="USD"/>
    <mantle.product.category.ProductCategoryMember productCategoryId="PopcAllProducts" productId="DEMO_2_1"
            fromDate="1265184000000"/>
    <mantle.product.category.ProductCategoryMember productCategoryId="PopcHome" productId="DEMO_2_1"
            fromDate="1265184000000" sequenceNum="2"/>
    <mantle.product.category.ProductCategoryMember productCategoryId="DEMO_TWO" productId="DEMO_2_1"
            fromDate="1265184000000" sequenceNum="1"/>
    <mantle.product.ProductDimension productId="DEMO_2_1" dimensionTypeId="ShippingWeight" value="2" valueUomId="WT_lb"/>
    <!-- NOTE: no Asset for this product record so we can test auto-create of Asset, etc -->

    <!-- Demo Three-One Product (Finished Good with Manufacturing Bill of Materials) -->
    <mantle.product.Product productId="DEMO_3_1" productTypeEnumId="PtAsset" assetTypeEnumId="AstTpInventory" assetClassEnumId="AsClsInventoryFin"
            chargeShipping="Y" returnable="Y" productName="Demo Product Three-One" description="" ownerPartyId="ORG_ZIZI_RETAIL"/>
    <!-- long term price -->
    <mantle.product.ProductPrice productPriceId="DEMO_3_1_C" productId="DEMO_3_1"
            pricePurposeEnumId="PppPurchase" priceTypeEnumId="PptCurrent"  fromDate="1265184000000"
            minQuantity="1" price="7.77" priceUomId="USD"/>
    <!-- supplier price -->
    <mantle.product.ProductPrice productPriceId="DEMO_3_1_CS" productId="DEMO_3_1" vendorPartyId="ZiddlemanInc"
            pricePurposeEnumId="PppPurchase" priceTypeEnumId="PptCurrent"
            fromDate="1265184000000" minQuantity="1" price="4.50" priceUomId="USD"/>
    <mantle.product.category.ProductCategoryMember productCategoryId="PopcAllProducts" productId="DEMO_3_1" fromDate="1265184000000"/>
    <mantle.product.category.ProductCategoryMember productCategoryId="DEMO_THREE" productId="DEMO_3_1" fromDate="1265184000000" sequenceNum="1"/>
    <mantle.product.ProductDimension productId="DEMO_3_1" dimensionTypeId="ShippingWeight" value="0.5" valueUomId="WT_lb"/>
    <mantle.product.asset.Asset assetId="DEMO_3_1A" assetTypeEnumId="AstTpInventory" classEnumId="AsClsInventoryFin"
            statusId="AstAvailable" productId="DEMO_3_1" facilityId="ZIRET_WH" locationSeqId="01010301" ownerPartyId="ORG_ZIZI_RETAIL"
            hasQuantity="Y" quantityOnHandTotal="0" availableToPromiseTotal="0"
            acquireCost="4.00" acquireCostUomId="USD" receivedDate="1265184000000"/>
    <mantle.product.asset.AssetDetail assetDetailId="DEMO_3_1A" assetId="DEMO_3_1A" effectiveDate="1265184000000"
            quantityOnHandDiff="5" availableToPromiseDiff="5" productId="DEMO_3_1"/>
    <!-- DEMO_3_1 BOM -->
    <mantle.product.ProductAssoc productId="DEMO_3_1" toProductId="DEMO_SA_1" productAssocTypeEnumId="PatMfgBom"
            fromDate="1265184000000" thruDate="" sequenceNum="" quantity="1"/>
    <mantle.product.ProductAssoc productId="DEMO_3_1" toProductId="DEMO_SA_2" productAssocTypeEnumId="PatMfgBom"
            fromDate="1265184000000" thruDate="" sequenceNum="" quantity="1"/>
    <mantle.product.ProductAssoc productId="DEMO_3_1" toProductId="DEMO_RM_1" productAssocTypeEnumId="PatMfgBom"
            fromDate="1265184000000" thruDate="" sequenceNum="" quantity="2"/>

    <!-- Demo Pick Assembly Product (with Manufacturing Bill of Materials) -->
    <mantle.product.Product productId="DEMO_PA" productTypeEnumId="PtPickAssembly" assetTypeEnumId="AstTpInventory" assetClassEnumId="AsClsInventoryFin"
            chargeShipping="Y" returnable="Y" productName="Demo Bundle One" description="" ownerPartyId="ORG_ZIZI_RETAIL">
        <prices productPriceId="DEMO_PA_L" pricePurposeEnumId="PppPurchase" priceTypeEnumId="PptList"  fromDate="1265184000000"
                minQuantity="1" price="44.99" priceUomId="USD"/>
        <prices productPriceId="DEMO_PA_C" pricePurposeEnumId="PppPurchase" priceTypeEnumId="PptCurrent"  fromDate="1265184000000"
                minQuantity="1" price="39.99" priceUomId="USD"/>
        <categories productCategoryId="PopcAllProducts" fromDate="1265184000000"/>
        <categories productCategoryId="DEMO_ONE" fromDate="1265184000000" sequenceNum="1"/>

        <assocs toProductId="DEMO_1_1" productAssocTypeEnumId="PatMfgBom" fromDate="1265184000000" sequenceNum="1" quantity="1"/>
        <assocs toProductId="DEMO_2_1" productAssocTypeEnumId="PatMfgBom" fromDate="1265184000000" sequenceNum="2" quantity="2"/>
    </mantle.product.Product>

    <!-- A digital subscription product, was used for tenant provisioning but multi-tenant support deprecated, leaving as model for executing instance provisioning -->
    <!--
    <mantle.product.Product productId="DEMO_TNT" productTypeEnumId="PtDigital" chargeShipping="N"
            returnable="Y" productName="Demo Tenant 1 Month Subscription" description=""/>
    <mantle.product.ProductPrice productPriceId="DEMO_TNT_C" productId="DEMO_TNT"
            pricePurposeEnumId="PppPurchase" priceTypeEnumId="PptCurrent"  fromDate="1265184000000"
            minQuantity="1" price="9.99" priceUomId="USD"/>
    <mantle.product.category.ProductCategoryMember productCategoryId="PopcAllProducts" productId="DEMO_TNT"
            fromDate="1265184000000"/>
    <mantle.product.category.ProductCategoryMember productCategoryId="PopcHome" productId="DEMO_TNT"
            fromDate="1265184000000" sequenceNum="5"/>
    <!- - NOTE: could move this to seed data, is used to configure services provided with Mantle - ->
    <mantle.product.subscription.SubscriptionResource subscriptionResourceId="TENANT" description="Tenant System Access"
            initServiceName="mantle.product.TenantSubscriptionServices.init#Tenant"
            renewServiceName=""
            revokeAccessTime="7" revokeAccessTimeUomId="TF_day"
            revokeAccessServiceName="mantle.product.TenantSubscriptionServices.revoke#TenantAccess"
            restoreAccessServiceName="mantle.product.TenantSubscriptionServices.restore#TenantAccess"
            destroyTime="90" destroyTimeUomId="TF_day"
            destroyServiceName="mantle.product.TenantSubscriptionServices.destroy#Tenant"/>
    <mantle.product.subscription.ProductSubscriptionResource productId="DEMO_TNT" subscriptionResourceId="TENANT"
            fromDate="1265184000000" availableTime="1" availableTimeUomId="TF_mon"/>
    -->

    <!-- Demo Virtual with Variants -->
    <mantle.product.Product productId="DEMO_VAR" productTypeEnumId="PtVirtual" assetTypeEnumId="" assetClassEnumId=""
            chargeShipping="Y" returnable="Y" productName="Demo with Variants" description="" ownerPartyId="ORG_ZIZI_RETAIL">
        <prices productPriceId="DEMO_VAR_L" pricePurposeEnumId="PppPurchase" priceTypeEnumId="PptList"  fromDate="1265184000000"
                minQuantity="1" price="29.99" priceUomId="USD"/>
        <prices productPriceId="DEMO_VAR_CLT" pricePurposeEnumId="PppPurchase" priceTypeEnumId="PptCurrent"  fromDate="1265184000000"
                minQuantity="1" price="24.99" priceUomId="USD"/>
        <categories productCategoryId="PopcAllProducts" fromDate="1265184000000"/>
        <categories productCategoryId="DEMO_ONE" fromDate="1265184000000" sequenceNum="1"/>
        <features productFeatureId="ColorBlack" sequenceNum="1" applTypeEnumId="PfatSelectable" fromDate="1265184000000"/>
        <features productFeatureId="ColorBlue" sequenceNum="2" applTypeEnumId="PfatSelectable" fromDate="1265184000000"/>
        <features productFeatureId="ColorRed" sequenceNum="3" applTypeEnumId="PfatSelectable" fromDate="1265184000000"/>
        <features productFeatureId="SizeSmall" sequenceNum="1" applTypeEnumId="PfatSelectable" fromDate="1265184000000"/>
        <features productFeatureId="SizeMedium" sequenceNum="2" applTypeEnumId="PfatSelectable" fromDate="1265184000000"/>
        <features productFeatureId="SizeLarge" sequenceNum="3" applTypeEnumId="PfatSelectable" fromDate="1265184000000"/>
        <features productFeatureId="SizeXL" sequenceNum="4" applTypeEnumId="PfatSelectable" fromDate="1265184000000"/>
    </mantle.product.Product>
    <!-- call a service to generate variants -->
    <mantle.product.ProductServices.createVariantProducts productId="DEMO_VAR" productTypeEnumId="PtAsset"
            assetTypeEnumId="AstTpInventory" assetClassEnumId="AsClsInventoryFin" copyCategoryMembers="false"/>

    <!-- Demo Equipment -->
    <mantle.product.Product productId="EQUIP_1" productTypeEnumId="PtAsset" assetTypeEnumId="AstTpEquipment"
            assetClassEnumId="AsClsWhEquip" productName="Picker Bot 2000"/>
    <mantle.product.ProductPrice productPriceId="EQUIP_1_P" productId="EQUIP_1" vendorPartyId="ZiddlemanInc" pricePurposeEnumId="PppPurchase"
            priceTypeEnumId="PptCurrent" fromDate="1265184000000" minQuantity="1" price="12,000.00" priceUomId="USD"/>
    <mantle.product.category.ProductCategoryMember productCategoryId="DEMO_EQUIP" productId="EQUIP_1" fromDate="1265184000000"/>

    <mantle.product.Product productId="EQUIP_AB4" productTypeEnumId="PtAsset" assetTypeEnumId="AstTpEquipment"
            assetClassEnumId="AsClsMfgEquip" productName="Assembly Bot 4000">
        <prices productPriceId="EQUIP_AB4_P" vendorPartyId="ZiddlemanInc" pricePurposeEnumId="PppPurchase"
                priceTypeEnumId="PptCurrent" fromDate="1265184000000" minQuantity="1" price="4,000.00" priceUomId="USD"/>
        <categories productCategoryId="DEMO_EQUIP" fromDate="1265184000000"/>
        <assets assetId="EQUIP_AB4_1" assetTypeEnumId="AstTpEquipment" classEnumId="AsClsMfgEquip"
                assetName="Assembly Bot 4 1234" serialNumber="1234"
                statusId="AstAvailable" facilityId="ZIRET_WH" ownerPartyId="ORG_ZIZI_RETAIL"
                hasQuantity="N" acquireCost="4000.00" acquireCostUomId="USD" receivedDate="1577836800000"
                acquiredDate="1577836800000" depreciationTypeEnumId="DtpStraightLine" expectedEndOfLife="2030-12-31">
            <mantle.product.asset.AssetDetail assetDetailId="EQUIP_AB4_1_AD" effectiveDate="1577836800000"
                    quantityOnHandDiff="1" availableToPromiseDiff="1"/>
        </assets>
        <assets assetId="EQUIP_AB4_2" assetTypeEnumId="AstTpEquipment" classEnumId="AsClsMfgEquip"
                assetName="Assembly Bot 4 2345" serialNumber="2345"
                statusId="AstAvailable" facilityId="ZIRET_WH" ownerPartyId="ORG_ZIZI_RETAIL"
                hasQuantity="N" acquireCost="4000.00" acquireCostUomId="USD" receivedDate="1577836800000"
                acquiredDate="1577836800000" depreciationTypeEnumId="DtpStraightLine" expectedEndOfLife="2030-12-31">
            <mantle.product.asset.AssetDetail assetDetailId="EQUIP_AB4_2_AD" effectiveDate="1577836800000"
                    quantityOnHandDiff="1" availableToPromiseDiff="1"/>
        </assets>
    </mantle.product.Product>

    <mantle.product.Product productId="DEMO_DIG_SER" productTypeEnumId="PtDigitalAsset" assetTypeEnumId="AstTpInventory"
            assetClassEnumId="AsClsInventoryDig" productName="Demo Serialized Digital Asset">
        <prices productPriceId="DEMO_DIG_SER_P" pricePurposeEnumId="PppPurchase" priceTypeEnumId="PptCurrent"
                fromDate="1265184000000" minQuantity="1" price="100.00" priceUomId="USD"/>
        <assets assetId="DEMO_DIG_SER_1" assetTypeEnumId="AstTpInventory" classEnumId="AsClsInventoryDig"
                serialNumber="1234567890987654321" statusId="AstAvailable" facilityId="ZIRET_WH" ownerPartyId="ORG_ZIZI_RETAIL"
                acquireCost="90.00" acquireCostUomId="USD" receivedDate="1265184000000">
            <mantle.product.asset.AssetDetail assetDetailId="DEMO_DIG_SER_1_AD" effectiveDate="1265184000000"
                    quantityOnHandDiff="1" availableToPromiseDiff="1"/>
        </assets>
    </mantle.product.Product>
</entity-facade-xml>
