<?xml version="1.0" encoding="UTF-8"?>
<!--
This software is in the public domain under CC0 1.0 Universal plus a
Grant of Patent License.

To the extent possible under law, the author(s) have dedicated all
copyright and related and neighboring rights to this software to the
public domain worldwide. This software is distributed without any
warranty.

You should have received a copy of the CC0 Public Domain Dedication
along with this software (see the LICENSE.md file). If not, see
<http://creativecommons.org/publicdomain/zero/1.0/>.
-->
<services xmlns:xsi="http://www.w3.org/2001/XMLSchema-instance" xsi:noNamespaceSchemaLocation="http://moqui.org/xsd/service-definition-3.xsd">

    <!-- Example & Related Services -->
    <service verb="create" noun="Example" displayName="Create an Example" type="entity-auto" allow-remote="true">
        <in-parameters>
            <parameter name="examplename" required="true"/>
            <parameter name="exampledate" required="true"/>
            <parameter name="exampleprice" required="true"/>
            <parameter name="examplequality" required="true"/>
        </in-parameters>
        <out-parameters>
            <auto-parameters include="pk" required="true"/>
        </out-parameters>
    </service>

    <service verb="list" noun="Example" displayName="List All Examples" type="entity-auto" allow-remote="true">
        <in-parameters>
            <!-- No in-parameters needed for listing -->
        </in-parameters>
        <out-parameters>
            <auto-parameters include="entity-list" required="true"/>
        </out-parameters>
        <actions>
            <actions>
                <!-- Call to the auto-entity service with the correct parameters -->
                <service-call name="update#example.ExampleEntity"
                              in-map="[exampleId: exampleId, exampleTypeId: exampleTypeId, exampleData: exampleData]"
                              out-map="[result: result]"/>
            </actions>
        </actions>
    </service>

    <service verb="get" noun="Example" displayName="Get an Example by ID" type="entity-auto" allow-remote="true">
        <in-parameters>
            <parameter name="exampleId" required="true"/>
        </in-parameters>
        <out-parameters>
            <auto-parameters include="entity" required="true"/>
        </out-parameters>
        <actions>
            <entity-find-one entity-name="Example" value-field="example" condition="exampleId=${exampleId}"/>
        </actions>
    </service>

    <service verb="update" noun="Example" displayName="Update an Example" type="entity-auto" allow-remote="true">
        <in-parameters>
            <parameter name="exampleId" required="true"/>
            <parameter name="examplename"/>
            <parameter name="exampledate"/>
            <parameter name="exampleprice"/>
            <parameter name="examplequality"/>
        </in-parameters>
        <out-parameters>
            <auto-parameters include="pk" required="true"/>
        </out-parameters>
        <actions>
            <entity-update entity-name="Example" condition="exampleId=${exampleId}">
                <set field="examplename" value="${examplename}"/>
                <set field="exampledate" value="${exampledate}"/>
                <set field="exampleprice" value="${exampleprice}"/>
                <set field="examplequality" value="${examplequality}"/>
            </entity-update>
        </actions>
    </service>
</services>