<?xml version="1.0" encoding="UTF-8"?>
<!--
This software is in the public domain under CC0 1.0 Universal plus a 
Grant of Patent License.

To the extent possible under law, the author(s) have dedicated all
copyright and related and neighboring rights to this software to the
public domain worldwide. This software is distributed without any
warranty.

You should have received a copy of the CC0 Public Domain Dedication
along with this software (see the LICENSE.md file). If not, see
<http://creativecommons.org/publicdomain/zero/1.0/>.
-->
<secas xmlns:xsi="http://www.w3.org/2001/XMLSchema-instance" xsi:noNamespaceSchemaLocation="http://moqui.org/xsd/service-eca-3.xsd">
    <seca id="ShipmentOutgoingPackedCreateInvoices" service="update#mantle.shipment.Shipment" when="post-service">
        <description>Create sales invoice on Outgoing Shipment Packed</description>
        <condition><expression>statusChanged &amp;&amp; statusId == 'ShipPacked' &amp;&amp; !(oldStatusId in ['ShipShipped', 'ShipDelivered'])</expression></condition>
        <actions>
            <entity-find-one entity-name="mantle.shipment.Shipment" value-field="shipment"/>
            <set field="shipmentTypeEnum" from="shipment.'ShipmentType#moqui.basic.Enumeration'"/>
            <if condition="shipmentTypeEnum?.enumId == 'ShpTpOutgoing' || shipmentTypeEnum?.parentEnumId == 'ShpTpOutgoing'">
                <service-call name="mantle.account.InvoiceServices.create#SalesShipmentInvoices" in-map="[shipmentId:shipmentId]"/></if>
        </actions>
    </seca>
    <seca id="ShipmentIncomingDeliveredCreateInvoices" service="update#mantle.shipment.Shipment" when="post-service">
        <description>Create purchase invoice on Incoming Shipment Delivered</description>
        <condition><expression>statusChanged &amp;&amp; statusId == 'ShipDelivered'</expression></condition>
        <actions>
            <entity-find-one entity-name="mantle.shipment.Shipment" value-field="shipment"/>
            <set field="shipmentTypeEnum" from="shipment.'ShipmentType#moqui.basic.Enumeration'"/>
            <if condition="shipmentTypeEnum?.enumId == 'ShpTpIncoming' || shipmentTypeEnum?.parentEnumId == 'ShpTpIncoming'">
                <service-call name="mantle.account.InvoiceServices.create#PurchaseShipmentInvoices" in-map="[shipmentId:shipmentId]"/></if>
        </actions>
    </seca>

    <seca id="InvoiceCheckNegativeTotalMarkPaid" service="update#mantle.account.invoice.Invoice" when="post-service" run-on-error="false" priority="2">
        <description>Invoice Validation: Check on Finalized or Approved if invoiceTotal is less than zero;
            Invoice Auto Paid Status: On Finalized or Approved if invoiceTotal is zero then change status to Payment Received or Sent</description>
        <condition><expression>statusChanged &amp;&amp; (statusId == 'InvoiceFinalized' || statusId == 'InvoiceApproved')</expression></condition>
        <actions>
            <service-call name="mantle.account.InvoiceServices.get#InvoiceTotal" in-map="[invoiceId:invoiceId]" out-map="totalOut"/>
            <if condition="totalOut.invoiceTotal &lt; 0.0"><return error="true" message="Invoice total cannot be negative (less than zero)"/></if>
            <if condition="totalOut.unpaidTotal == 0.0 &amp;&amp; !(oldStatusId in ['InvoicePmtRecvd', 'InvoicePmtSent'])">
                <service-call name="update#mantle.account.invoice.Invoice"
                        in-map="[invoiceId:invoiceId, statusId:(statusId == 'InvoiceFinalized' ? 'InvoicePmtRecvd' : 'InvoicePmtSent')]"/>
            </if>
        </actions>
    </seca>
    <seca id="InvoiceCheckFullyPaid" service="update#mantle.account.invoice.Invoice" when="post-service" run-on-error="false" priority="2">
        <description>On Invoice Finalized to Payment Received or Approved to Payment Sent make sure is actually fully paid</description>
        <condition><expression>statusChanged &amp;&amp; statusId in ['InvoicePmtRecvd', 'InvoicePmtSent']</expression></condition>
        <!-- NOTE: could restrict more but best to cover all possible transitions: oldStatusId in ['InvoiceFinalized', 'InvoiceApproved'] &amp;&amp; -->
        <actions>
            <service-call name="mantle.account.InvoiceServices.get#InvoiceTotal" in-map="[invoiceId:invoiceId]" out-map="totalOut"/>
            <if condition="totalOut.unpaidTotal &gt; 0.0"><return error="true" message="Invoice not fully paid"/></if>
        </actions>
    </seca>

    <seca id="InvoiceApplyForPayments" service="update#mantle.account.invoice.Invoice" when="post-service" run-on-error="false" priority="3">
        <description>On Invoice Finalized or Approved look for matching Payment by forInvoiceId and auto apply</description>
        <condition><expression>statusChanged &amp;&amp; (statusId == 'InvoiceFinalized' || statusId == 'InvoiceApproved')</expression></condition>
        <actions><service-call name="mantle.account.PaymentServices.apply#InvoiceForPayments" in-map="context"/></actions>
    </seca>

    <seca id="InvoiceCancelledCleanup" service="update#mantle.account.invoice.Invoice" when="post-service" run-on-error="false">
        <description>On Invoice Cancel via direct set of statusId (entity auto service call): un-apply Payments/Invoices and other cancel cleanup</description>
        <condition><expression>statusChanged &amp;&amp; statusId == 'InvoiceCancelled'</expression></condition>
        <actions><service-call name="mantle.account.InvoiceServices.cancel#Invoice" in-map="context"/></actions>
    </seca>
    <seca id="InvoiceUnPayByStatus" service="update#mantle.account.invoice.Invoice" when="post-service" run-on-error="false">
        <description>Un-apply Payments, etc on Unpay</description>
        <condition><expression>statusChanged &amp;&amp; oldStatusId in ['InvoicePmtRecvd', 'InvoicePmtSent'] &amp;&amp;
            statusId in ['InvoiceFinalized', 'InvoiceApproved']</expression></condition>
        <actions><service-call name="mantle.account.InvoiceServices.unpay#Invoice" in-map="context"/></actions>
    </seca>

    <seca id="InvoiceFinalizedSendEmail" service="update#mantle.account.invoice.Invoice" when="tx-commit">
        <description>Send Email Notice on Invoice Finalized</description>
        <condition><expression>statusChanged &amp;&amp; statusId == 'InvoiceFinalized' &amp;&amp; oldStatusId == 'InvoiceInProcess'</expression></condition>
        <actions><service-call name="mantle.account.InvoiceServices.send#InvoiceStoreEmail"
                in-map="[invoiceId:invoiceId, emailTypeEnumId:'PsetInvoiceFinalized']"/></actions>
    </seca>
</secas>
